Filename,True_Class,Predicted_Class,Confidence_pct,Is_Correct,Glioma_Prob,Meningioma_Prob,NoTumor_Prob,Pituitary_Prob
Te-gl_1.jpg,glioma,glioma,62.52,True,62.52,0.19,3.26,34.03
Te-gl_10.jpg,glioma,glioma,100.0,True,100.0,0.0,0.0,0.0
Te-gl_100.jpg,glioma,glioma,100.0,True,100.0,0.0,0.0,0.0
Te-gl_101.jpg,glioma,glioma,98.14,True,98.14,1.69,0.0,0.17
Te-gl_102.jpg,glioma,notumor,51.4,False,1.03,36.93,51.4,10.64
Te-gl_103.jpg,glioma,meningioma,88.44,False,1.58,88.44,9.95,0.03
Te-gl_104.jpg,glioma,meningioma,75.06,False,24.63,75.06,0.17,0.15
Te-gl_105.jpg,glioma,glioma,99.96,True,99.96,0.04,0.0,0.0
Te-gl_106.jpg,glioma,notumor,82.21,False,0.01,17.78,82.21,0.01
Te-gl_107.jpg,glioma,glioma,89.99,True,89.99,10.0,0.01,0.0
Te-gl_108.jpg,glioma,glioma,98.49,True,98.49,1.47,0.0,0.04
Te-gl_109.jpg,glioma,meningioma,91.43,False,7.49,91.43,0.99,0.09
Te-gl_11.jpg,glioma,glioma,99.93,True,99.93,0.07,0.0,0.0
Te-gl_110.jpg,glioma,glioma,62.2,True,62.2,37.74,0.07,0.0
Te-gl_111.jpg,glioma,glioma,100.0,True,100.0,0.0,0.0,0.0
Te-gl_112.jpg,glioma,glioma,100.0,True,100.0,0.0,0.0,0.0
Te-gl_113.jpg,glioma,glioma,98.81,True,98.81,0.96,0.0,0.23
Te-gl_114.jpg,glioma,glioma,99.57,True,99.57,0.43,0.0,0.0
Te-gl_115.jpg,glioma,meningioma,84.97,False,1.11,84.97,13.91,0.01
Te-gl_116.jpg,glioma,glioma,98.48,True,98.48,0.64,0.0,0.88
Te-gl_117.jpg,glioma,glioma,99.99,True,99.99,0.01,0.0,0.0
Te-gl_118.jpg,glioma,glioma,99.29,True,99.29,0.69,0.0,0.02
Te-gl_119.jpg,glioma,glioma,97.06,True,97.06,2.94,0.0,0.0
Te-gl_12.jpg,glioma,glioma,99.95,True,99.95,0.04,0.0,0.01
Te-gl_120.jpg,glioma,glioma,98.75,True,98.75,1.05,0.0,0.19
Te-gl_121.jpg,glioma,glioma,91.58,True,91.58,8.27,0.01,0.14
Te-gl_122.jpg,glioma,glioma,100.0,True,100.0,0.0,0.0,0.0
Te-gl_123.jpg,glioma,glioma,99.6,True,99.6,0.39,0.0,0.02
Te-gl_124.jpg,glioma,glioma,99.66,True,99.66,0.34,0.0,0.0
Te-gl_125.jpg,glioma,glioma,95.62,True,95.62,3.82,0.01,0.56
Te-gl_126.jpg,glioma,meningioma,80.58,False,0.35,80.58,1.9,17.18
Te-gl_127.jpg,glioma,glioma,100.0,True,100.0,0.0,0.0,0.0
Te-gl_128.jpg,glioma,glioma,99.99,True,99.99,0.01,0.0,0.0
Te-gl_129.jpg,glioma,notumor,51.44,False,0.13,48.42,51.44,0.01
Te-gl_13.jpg,glioma,glioma,100.0,True,100.0,0.0,0.0,0.0
Te-gl_130.jpg,glioma,glioma,96.53,True,96.53,3.46,0.0,0.01
Te-gl_131.jpg,glioma,glioma,95.47,True,95.47,1.61,0.03,2.88
Te-gl_132.jpg,glioma,glioma,100.0,True,100.0,0.0,0.0,0.0
Te-gl_133.jpg,glioma,notumor,92.71,False,0.3,6.29,92.71,0.7
Te-gl_134.jpg,glioma,glioma,99.37,True,99.37,0.63,0.0,0.0
Te-gl_135.jpg,glioma,glioma,99.99,True,99.99,0.01,0.0,0.0
Te-gl_136.jpg,glioma,glioma,99.99,True,99.99,0.01,0.0,0.01
Te-gl_137.jpg,glioma,glioma,99.37,True,99.37,0.58,0.0,0.05
Te-gl_138.jpg,glioma,glioma,87.72,True,87.72,12.28,0.0,0.0
Te-gl_139.jpg,glioma,glioma,100.0,True,100.0,0.0,0.0,0.0
Te-gl_14.jpg,glioma,glioma,58.73,True,58.73,41.13,0.14,0.0
Te-gl_140.jpg,glioma,pituitary,65.15,False,0.62,34.18,0.04,65.15
Te-gl_141.jpg,glioma,glioma,100.0,True,100.0,0.0,0.0,0.0
Te-gl_142.jpg,glioma,glioma,92.89,True,92.89,7.11,0.0,0.0
Te-gl_143.jpg,glioma,notumor,97.43,False,1.45,1.1,97.43,0.03
Te-gl_144.jpg,glioma,notumor,90.86,False,3.15,4.97,90.86,1.02
Te-gl_145.jpg,glioma,glioma,99.99,True,99.99,0.01,0.0,0.0
Te-gl_146.jpg,glioma,glioma,100.0,True,100.0,0.0,0.0,0.0
Te-gl_147.jpg,glioma,glioma,99.18,True,99.18,0.01,0.0,0.8
Te-gl_148.jpg,glioma,glioma,98.91,True,98.91,1.09,0.0,0.0
Te-gl_149.jpg,glioma,meningioma,82.9,False,17.1,82.9,0.0,0.0
Te-gl_15.jpg,glioma,meningioma,73.02,False,8.31,73.02,11.66,7.01
Te-gl_150.jpg,glioma,glioma,99.85,True,99.85,0.14,0.0,0.01
Te-gl_151.jpg,glioma,meningioma,98.94,False,0.0,98.94,0.33,0.74
Te-gl_152.jpg,glioma,glioma,99.98,True,99.98,0.02,0.0,0.0
Te-gl_153.jpg,glioma,meningioma,67.81,False,32.01,67.81,0.06,0.12
Te-gl_154.jpg,glioma,glioma,100.0,True,100.0,0.0,0.0,0.0
Te-gl_155.jpg,glioma,glioma,100.0,True,100.0,0.0,0.0,0.0
Te-gl_156.jpg,glioma,glioma,100.0,True,100.0,0.0,0.0,0.0
Te-gl_157.jpg,glioma,meningioma,59.72,False,40.21,59.72,0.08,0.0
Te-gl_158.jpg,glioma,meningioma,53.1,False,46.72,53.1,0.18,0.0
Te-gl_159.jpg,glioma,pituitary,47.26,False,0.53,20.19,32.02,47.26
Te-gl_16.jpg,glioma,glioma,91.57,True,91.57,8.42,0.0,0.0
Te-gl_160.jpg,glioma,meningioma,96.54,False,0.0,96.54,1.94,1.51
Te-gl_161.jpg,glioma,glioma,88.76,True,88.76,1.19,0.0,10.04
Te-gl_162.jpg,glioma,glioma,99.27,True,99.27,0.73,0.0,0.0
Te-gl_163.jpg,glioma,glioma,100.0,True,100.0,0.0,0.0,0.0
Te-gl_164.jpg,glioma,glioma,100.0,True,100.0,0.0,0.0,0.0
Te-gl_165.jpg,glioma,glioma,78.73,True,78.73,21.0,0.13,0.14
Te-gl_166.jpg,glioma,notumor,88.5,False,7.22,4.12,88.5,0.16
Te-gl_167.jpg,glioma,meningioma,69.53,False,0.64,69.53,7.54,22.28
Te-gl_168.jpg,glioma,glioma,100.0,True,100.0,0.0,0.0,0.0
Te-gl_169.jpg,glioma,glioma,61.5,True,61.5,38.18,0.01,0.31
Te-gl_17.jpg,glioma,glioma,99.96,True,99.96,0.04,0.0,0.0
Te-gl_170.jpg,glioma,meningioma,64.81,False,35.16,64.81,0.02,0.0
Te-gl_171.jpg,glioma,meningioma,93.25,False,0.01,93.25,6.43,0.31
Te-gl_172.jpg,glioma,glioma,85.48,True,85.48,14.5,0.01,0.02
Te-gl_173.jpg,glioma,glioma,100.0,True,100.0,0.0,0.0,0.0
Te-gl_174.jpg,glioma,glioma,80.66,True,80.66,19.34,0.0,0.0
Te-gl_175.jpg,glioma,glioma,57.94,True,57.94,42.05,0.0,0.01
Te-gl_176.jpg,glioma,glioma,99.12,True,99.12,0.85,0.0,0.02
Te-gl_177.jpg,glioma,glioma,99.77,True,99.77,0.21,0.0,0.01
Te-gl_178.jpg,glioma,meningioma,64.81,False,35.16,64.81,0.02,0.0
Te-gl_179.jpg,glioma,glioma,99.98,True,99.98,0.02,0.0,0.0
Te-gl_18.jpg,glioma,glioma,99.02,True,99.02,0.97,0.0,0.0
Te-gl_180.jpg,glioma,glioma,99.98,True,99.98,0.02,0.0,0.01
Te-gl_181.jpg,glioma,meningioma,63.09,False,36.9,63.09,0.01,0.0
Te-gl_182.jpg,glioma,glioma,100.0,True,100.0,0.0,0.0,0.0
Te-gl_183.jpg,glioma,glioma,98.8,True,98.8,1.2,0.0,0.01
Te-gl_184.jpg,glioma,meningioma,51.51,False,48.24,51.51,0.24,0.01
Te-gl_185.jpg,glioma,glioma,99.93,True,99.93,0.03,0.0,0.04
Te-gl_186.jpg,glioma,glioma,100.0,True,100.0,0.0,0.0,0.0
Te-gl_187.jpg,glioma,meningioma,96.2,False,0.01,96.2,3.67,0.12
Te-gl_188.jpg,glioma,glioma,100.0,True,100.0,0.0,0.0,0.0
Te-gl_189.jpg,glioma,notumor,93.23,False,0.0,6.73,93.23,0.04
Te-gl_19.jpg,glioma,glioma,99.89,True,99.89,0.01,0.0,0.1
Te-gl_190.jpg,glioma,glioma,98.67,True,98.67,1.2,0.0,0.13
Te-gl_191.jpg,glioma,glioma,99.96,True,99.96,0.04,0.0,0.0
Te-gl_192.jpg,glioma,glioma,99.51,True,99.51,0.48,0.0,0.01
Te-gl_193.jpg,glioma,glioma,68.02,True,68.02,31.93,0.0,0.05
Te-gl_194.jpg,glioma,meningioma,82.69,False,15.31,82.69,0.01,1.99
Te-gl_195.jpg,glioma,glioma,95.62,True,95.62,4.35,0.0,0.02
Te-gl_196.jpg,glioma,meningioma,86.09,False,1.95,86.09,11.77,0.19
Te-gl_197.jpg,glioma,glioma,80.58,True,80.58,19.42,0.0,0.0
Te-gl_198.jpg,glioma,glioma,97.25,True,97.25,2.75,0.0,0.0
Te-gl_199.jpg,glioma,pituitary,40.39,False,34.4,24.93,0.28,40.39
Te-gl_2.jpg,glioma,glioma,93.49,True,93.49,6.51,0.0,0.0
Te-gl_20.jpg,glioma,glioma,98.83,True,98.83,1.17,0.0,0.0
Te-gl_200.jpg,glioma,glioma,97.69,True,97.69,2.07,0.0,0.24
Te-gl_201.jpg,glioma,glioma,95.55,True,95.55,4.45,0.0,0.0
Te-gl_202.jpg,glioma,glioma,98.63,True,98.63,1.25,0.0,0.11
Te-gl_203.jpg,glioma,glioma,100.0,True,100.0,0.0,0.0,0.0
Te-gl_204.jpg,glioma,notumor,93.37,False,0.28,6.32,93.37,0.03
Te-gl_205.jpg,glioma,meningioma,82.67,False,11.74,82.67,2.69,2.9
Te-gl_206.jpg,glioma,glioma,100.0,True,100.0,0.0,0.0,0.0
Te-gl_207.jpg,glioma,glioma,99.66,True,99.66,0.25,0.0,0.09
Te-gl_208.jpg,glioma,glioma,90.96,True,90.96,9.01,0.01,0.01
Te-gl_209.jpg,glioma,glioma,99.91,True,99.91,0.09,0.0,0.0
Te-gl_21.jpg,glioma,glioma,100.0,True,100.0,0.0,0.0,0.0
Te-gl_210.jpg,glioma,glioma,98.32,True,98.32,1.64,0.01,0.04
Te-gl_211.jpg,glioma,glioma,61.19,True,61.19,38.38,0.0,0.43
Te-gl_212.jpg,glioma,meningioma,85.18,False,4.33,85.18,3.3,7.19
Te-gl_213.jpg,glioma,meningioma,76.29,False,18.97,76.29,0.12,4.62
Te-gl_214.jpg,glioma,glioma,100.0,True,100.0,0.0,0.0,0.0
Te-gl_215.jpg,glioma,glioma,78.65,True,78.65,10.32,7.2,3.83
Te-gl_216.jpg,glioma,glioma,99.83,True,99.83,0.17,0.0,0.0
Te-gl_217.jpg,glioma,glioma,99.98,True,99.98,0.02,0.0,0.0
Te-gl_218.jpg,glioma,notumor,96.3,False,1.03,2.67,96.3,0.0
Te-gl_219.jpg,glioma,glioma,99.76,True,99.76,0.24,0.0,0.0
Te-gl_22.jpg,glioma,glioma,98.11,True,98.11,1.84,0.0,0.04
Te-gl_220.jpg,glioma,glioma,99.96,True,99.96,0.04,0.0,0.0
Te-gl_221.jpg,glioma,glioma,100.0,True,100.0,0.0,0.0,0.0
Te-gl_222.jpg,glioma,glioma,99.86,True,99.86,0.14,0.0,0.0
Te-gl_223.jpg,glioma,glioma,100.0,True,100.0,0.0,0.0,0.0
Te-gl_224.jpg,glioma,meningioma,82.6,False,17.4,82.6,0.0,0.0
Te-gl_225.jpg,glioma,glioma,99.83,True,99.83,0.17,0.0,0.0
Te-gl_226.jpg,glioma,glioma,100.0,True,100.0,0.0,0.0,0.0
Te-gl_227.jpg,glioma,glioma,99.67,True,99.67,0.33,0.0,0.0
Te-gl_228.jpg,glioma,meningioma,93.25,False,0.01,93.25,6.43,0.31
Te-gl_229.jpg,glioma,glioma,81.9,True,81.9,4.48,0.49,13.13
Te-gl_23.jpg,glioma,glioma,67.17,True,67.17,32.8,0.03,0.01
Te-gl_230.jpg,glioma,glioma,96.28,True,96.28,3.47,0.01,0.24
Te-gl_231.jpg,glioma,glioma,99.99,True,99.99,0.01,0.0,0.0
Te-gl_232.jpg,glioma,glioma,96.31,True,96.31,3.5,0.02,0.17
Te-gl_233.jpg,glioma,glioma,100.0,True,100.0,0.0,0.0,0.0
Te-gl_234.jpg,glioma,glioma,100.0,True,100.0,0.0,0.0,0.0
Te-gl_235.jpg,glioma,glioma,100.0,True,100.0,0.0,0.0,0.0
Te-gl_236.jpg,glioma,glioma,90.0,True,90.0,9.91,0.01,0.08
Te-gl_237.jpg,glioma,glioma,99.39,True,99.39,0.24,0.0,0.37
Te-gl_238.jpg,glioma,pituitary,65.15,False,0.62,34.18,0.04,65.15
Te-gl_239.jpg,glioma,glioma,65.04,True,65.04,34.96,0.0,0.0
Te-gl_24.jpg,glioma,glioma,99.97,True,99.97,0.03,0.0,0.0
Te-gl_240.jpg,glioma,glioma,99.99,True,99.99,0.01,0.0,0.0
Te-gl_241.jpg,glioma,glioma,100.0,True,100.0,0.0,0.0,0.0
Te-gl_242.jpg,glioma,glioma,100.0,True,100.0,0.0,0.0,0.0
Te-gl_243.jpg,glioma,glioma,99.31,True,99.31,0.69,0.0,0.0
Te-gl_244.jpg,glioma,glioma,86.88,True,86.88,13.12,0.0,0.0
Te-gl_245.jpg,glioma,glioma,86.77,True,86.77,13.23,0.0,0.0
Te-gl_246.jpg,glioma,meningioma,51.98,False,47.28,51.98,0.55,0.2
Te-gl_247.jpg,glioma,meningioma,69.02,False,30.94,69.02,0.04,0.0
Te-gl_248.jpg,glioma,glioma,100.0,True,100.0,0.0,0.0,0.0
Te-gl_249.jpg,glioma,glioma,99.32,True,99.32,0.67,0.0,0.01
Te-gl_25.jpg,glioma,meningioma,79.15,False,19.44,79.15,0.01,1.4
Te-gl_250.jpg,glioma,glioma,99.79,True,99.79,0.21,0.0,0.0
Te-gl_251.jpg,glioma,meningioma,52.73,False,47.24,52.73,0.02,0.0
Te-gl_252.jpg,glioma,glioma,73.72,True,73.72,26.28,0.0,0.0
Te-gl_253.jpg,glioma,glioma,100.0,True,100.0,0.0,0.0,0.0
Te-gl_254.jpg,glioma,glioma,100.0,True,100.0,0.0,0.0,0.0
Te-gl_255.jpg,glioma,glioma,99.99,True,99.99,0.01,0.0,0.0
Te-gl_256.jpg,glioma,glioma,99.97,True,99.97,0.02,0.0,0.01
Te-gl_257.jpg,glioma,glioma,81.46,True,81.46,18.53,0.01,0.0
Te-gl_258.jpg,glioma,glioma,99.26,True,99.26,0.53,0.17,0.05
Te-gl_259.jpg,glioma,notumor,93.37,False,0.28,6.32,93.37,0.03
Te-gl_26.jpg,glioma,glioma,93.02,True,93.02,6.98,0.01,0.0
Te-gl_260.jpg,glioma,glioma,99.99,True,99.99,0.01,0.0,0.0
Te-gl_261.jpg,glioma,glioma,100.0,True,100.0,0.0,0.0,0.0
Te-gl_262.jpg,glioma,glioma,100.0,True,100.0,0.0,0.0,0.0
Te-gl_263.jpg,glioma,meningioma,88.77,False,11.09,88.77,0.05,0.09
Te-gl_264.jpg,glioma,meningioma,56.71,False,0.08,56.71,36.2,7.01
Te-gl_265.jpg,glioma,glioma,99.99,True,99.99,0.01,0.0,0.0
Te-gl_266.jpg,glioma,glioma,99.93,True,99.93,0.05,0.0,0.01
Te-gl_267.jpg,glioma,glioma,100.0,True,100.0,0.0,0.0,0.0
Te-gl_268.jpg,glioma,glioma,99.66,True,99.66,0.31,0.0,0.03
Te-gl_269.jpg,glioma,glioma,94.37,True,94.37,5.63,0.0,0.0
Te-gl_27.jpg,glioma,meningioma,45.03,False,21.94,45.03,32.47,0.56
Te-gl_270.jpg,glioma,glioma,98.03,True,98.03,1.94,0.01,0.01
Te-gl_271.jpg,glioma,glioma,100.0,True,100.0,0.0,0.0,0.0
Te-gl_272.jpg,glioma,meningioma,85.18,False,4.33,85.18,3.3,7.19
Te-gl_273.jpg,glioma,glioma,100.0,True,100.0,0.0,0.0,0.0
Te-gl_274.jpg,glioma,glioma,100.0,True,100.0,0.0,0.0,0.0
Te-gl_275.jpg,glioma,meningioma,74.24,False,0.01,74.24,13.4,12.35
Te-gl_276.jpg,glioma,glioma,99.99,True,99.99,0.0,0.01,0.0
Te-gl_277.jpg,glioma,notumor,98.87,False,0.0,0.92,98.87,0.21
Te-gl_278.jpg,glioma,notumor,88.5,False,7.22,4.12,88.5,0.16
Te-gl_279.jpg,glioma,glioma,87.62,True,87.62,1.34,0.01,11.03
Te-gl_28.jpg,glioma,glioma,75.01,True,75.01,24.97,0.01,0.0
Te-gl_280.jpg,glioma,glioma,90.48,True,90.48,9.52,0.0,0.0
Te-gl_281.jpg,glioma,glioma,100.0,True,100.0,0.0,0.0,0.0
Te-gl_282.jpg,glioma,glioma,100.0,True,100.0,0.0,0.0,0.0
Te-gl_283.jpg,glioma,glioma,99.46,True,99.46,0.4,0.02,0.11
Te-gl_284.jpg,glioma,glioma,99.97,True,99.97,0.03,0.0,0.0
Te-gl_285.jpg,glioma,glioma,82.8,True,82.8,17.2,0.0,0.0
Te-gl_286.jpg,glioma,glioma,99.99,True,99.99,0.01,0.0,0.0
Te-gl_287.jpg,glioma,glioma,97.56,True,97.56,1.47,0.04,0.93
Te-gl_288.jpg,glioma,glioma,99.92,True,99.92,0.08,0.0,0.0
Te-gl_289.jpg,glioma,glioma,100.0,True,100.0,0.0,0.0,0.0
Te-gl_29.jpg,glioma,glioma,98.03,True,98.03,1.94,0.01,0.01
Te-gl_290.jpg,glioma,meningioma,69.52,False,30.45,69.52,0.02,0.01
Te-gl_291.jpg,glioma,glioma,99.97,True,99.97,0.03,0.0,0.0
Te-gl_292.jpg,glioma,glioma,99.76,True,99.76,0.24,0.0,0.0
Te-gl_293.jpg,glioma,glioma,91.87,True,91.87,5.8,0.01,2.32
Te-gl_294.jpg,glioma,glioma,100.0,True,100.0,0.0,0.0,0.0
Te-gl_295.jpg,glioma,notumor,78.38,False,1.31,20.28,78.38,0.03
Te-gl_296.jpg,glioma,glioma,99.99,True,99.99,0.01,0.0,0.0
Te-gl_297.jpg,glioma,glioma,99.75,True,99.75,0.23,0.02,0.0
Te-gl_298.jpg,glioma,glioma,63.68,True,63.68,25.02,0.01,11.29
Te-gl_299.jpg,glioma,glioma,100.0,True,100.0,0.0,0.0,0.0
Te-gl_3.jpg,glioma,glioma,100.0,True,100.0,0.0,0.0,0.0
Te-gl_30.jpg,glioma,meningioma,94.37,False,5.06,94.37,0.14,0.44
Te-gl_300.jpg,glioma,glioma,99.18,True,99.18,0.81,0.01,0.0
Te-gl_301.jpg,glioma,glioma,100.0,True,100.0,0.0,0.0,0.0
Te-gl_302.jpg,glioma,glioma,100.0,True,100.0,0.0,0.0,0.0
Te-gl_303.jpg,glioma,notumor,51.44,False,0.13,48.42,51.44,0.01
Te-gl_304.jpg,glioma,meningioma,64.59,False,34.9,64.59,0.51,0.0
Te-gl_305.jpg,glioma,meningioma,50.84,False,49.16,50.84,0.0,0.01
Te-gl_306.jpg,glioma,meningioma,68.11,False,31.83,68.11,0.0,0.06
Te-gl_307.jpg,glioma,glioma,100.0,True,100.0,0.0,0.0,0.0
Te-gl_308.jpg,glioma,glioma,60.4,True,60.4,39.59,0.01,0.0
Te-gl_309.jpg,glioma,glioma,67.09,True,67.09,32.88,0.02,0.0
Te-gl_31.jpg,glioma,glioma,99.94,True,99.94,0.06,0.0,0.0
Te-gl_310.jpg,glioma,meningioma,97.81,False,0.61,97.81,1.58,0.0
Te-gl_311.jpg,glioma,glioma,99.98,True,99.98,0.02,0.0,0.0
Te-gl_312.jpg,glioma,glioma,100.0,True,100.0,0.0,0.0,0.0
Te-gl_313.jpg,glioma,meningioma,42.79,False,28.76,42.79,28.38,0.07
Te-gl_314.jpg,glioma,notumor,97.42,False,0.24,2.28,97.42,0.06
Te-gl_315.jpg,glioma,meningioma,61.13,False,38.81,61.13,0.04,0.02
Te-gl_316.jpg,glioma,glioma,99.61,True,99.61,0.35,0.0,0.04
Te-gl_317.jpg,glioma,glioma,97.48,True,97.48,2.48,0.01,0.04
Te-gl_318.jpg,glioma,meningioma,66.02,False,0.0,66.02,33.98,0.0
Te-gl_319.jpg,glioma,glioma,56.9,True,56.9,43.1,0.0,0.0
Te-gl_32.jpg,glioma,meningioma,98.63,False,0.0,98.63,0.96,0.41
Te-gl_320.jpg,glioma,glioma,99.78,True,99.78,0.2,0.01,0.01
Te-gl_321.jpg,glioma,glioma,72.43,True,72.43,27.56,0.01,0.0
Te-gl_322.jpg,glioma,glioma,100.0,True,100.0,0.0,0.0,0.0
Te-gl_323.jpg,glioma,meningioma,53.74,False,0.2,53.74,14.06,32.01
Te-gl_324.jpg,glioma,glioma,95.46,True,95.46,4.54,0.0,0.0
Te-gl_325.jpg,glioma,glioma,99.97,True,99.97,0.03,0.0,0.0
Te-gl_326.jpg,glioma,glioma,100.0,True,100.0,0.0,0.0,0.0
Te-gl_327.jpg,glioma,glioma,69.67,True,69.67,30.32,0.0,0.01
Te-gl_328.jpg,glioma,glioma,100.0,True,100.0,0.0,0.0,0.0
Te-gl_329.jpg,glioma,glioma,69.35,True,69.35,30.59,0.06,0.0
Te-gl_33.jpg,glioma,glioma,100.0,True,100.0,0.0,0.0,0.0
Te-gl_330.jpg,glioma,pituitary,36.44,False,0.11,29.13,34.32,36.44
Te-gl_331.jpg,glioma,glioma,99.99,True,99.99,0.01,0.0,0.0
Te-gl_332.jpg,glioma,glioma,99.9,True,99.9,0.08,0.0,0.02
Te-gl_333.jpg,glioma,glioma,99.97,True,99.97,0.0,0.0,0.02
Te-gl_334.jpg,glioma,glioma,99.99,True,99.99,0.01,0.0,0.0
Te-gl_335.jpg,glioma,meningioma,52.04,False,0.05,52.04,35.57,12.34
Te-gl_336.jpg,glioma,meningioma,51.67,False,48.19,51.67,0.04,0.1
Te-gl_337.jpg,glioma,glioma,66.65,True,66.65,33.2,0.07,0.07
Te-gl_338.jpg,glioma,meningioma,85.18,False,4.33,85.18,3.3,7.19
Te-gl_339.jpg,glioma,glioma,100.0,True,100.0,0.0,0.0,0.0
Te-gl_34.jpg,glioma,glioma,100.0,True,100.0,0.0,0.0,0.0
Te-gl_340.jpg,glioma,glioma,99.36,True,99.36,0.58,0.04,0.03
Te-gl_341.jpg,glioma,notumor,77.13,False,21.61,1.25,77.13,0.01
Te-gl_342.jpg,glioma,glioma,99.68,True,99.68,0.32,0.0,0.0
Te-gl_343.jpg,glioma,glioma,96.22,True,96.22,3.78,0.0,0.0
Te-gl_344.jpg,glioma,glioma,100.0,True,100.0,0.0,0.0,0.0
Te-gl_345.jpg,glioma,glioma,99.99,True,99.99,0.0,0.01,0.0
Te-gl_346.jpg,glioma,glioma,99.54,True,99.54,0.45,0.0,0.0
Te-gl_347.jpg,glioma,glioma,95.51,True,95.51,4.49,0.0,0.0
Te-gl_348.jpg,glioma,glioma,100.0,True,100.0,0.0,0.0,0.0
Te-gl_349.jpg,glioma,notumor,36.84,False,2.57,35.68,36.84,24.91
Te-gl_35.jpg,glioma,glioma,99.6,True,99.6,0.39,0.0,0.01
Te-gl_350.jpg,glioma,notumor,75.59,False,0.0,24.38,75.59,0.02
Te-gl_351.jpg,glioma,pituitary,46.78,False,4.55,32.26,16.41,46.78
Te-gl_352.jpg,glioma,glioma,99.75,True,99.75,0.24,0.01,0.0
Te-gl_353.jpg,glioma,glioma,97.68,True,97.68,1.88,0.01,0.44
Te-gl_354.jpg,glioma,glioma,99.94,True,99.94,0.01,0.0,0.05
Te-gl_355.jpg,glioma,glioma,99.99,True,99.99,0.01,0.0,0.0
Te-gl_356.jpg,glioma,glioma,84.62,True,84.62,15.38,0.0,0.0
Te-gl_357.jpg,glioma,glioma,98.35,True,98.35,1.65,0.0,0.0
Te-gl_358.jpg,glioma,notumor,68.55,False,7.89,23.55,68.55,0.01
Te-gl_359.jpg,glioma,glioma,99.27,True,99.27,0.73,0.0,0.0
Te-gl_36.jpg,glioma,glioma,99.77,True,99.77,0.21,0.0,0.01
Te-gl_360.jpg,glioma,glioma,99.02,True,99.02,0.98,0.0,0.0
Te-gl_361.jpg,glioma,glioma,100.0,True,100.0,0.0,0.0,0.0
Te-gl_362.jpg,glioma,glioma,99.7,True,99.7,0.28,0.0,0.02
Te-gl_363.jpg,glioma,glioma,89.39,True,89.39,1.02,0.02,9.58
Te-gl_364.jpg,glioma,glioma,100.0,True,100.0,0.0,0.0,0.0
Te-gl_365.jpg,glioma,meningioma,60.99,False,38.88,60.99,0.09,0.04
Te-gl_366.jpg,glioma,glioma,96.97,True,96.97,3.03,0.0,0.0
Te-gl_367.jpg,glioma,glioma,100.0,True,100.0,0.0,0.0,0.0
Te-gl_368.jpg,glioma,glioma,99.94,True,99.94,0.01,0.0,0.06
Te-gl_369.jpg,glioma,glioma,75.24,True,75.24,24.75,0.02,0.0
Te-gl_37.jpg,glioma,glioma,99.97,True,99.97,0.03,0.0,0.01
Te-gl_370.jpg,glioma,glioma,99.99,True,99.99,0.01,0.0,0.0
Te-gl_371.jpg,glioma,glioma,54.32,True,54.32,40.89,0.01,4.78
Te-gl_372.jpg,glioma,notumor,69.76,False,0.03,30.04,69.76,0.18
Te-gl_373.jpg,glioma,glioma,99.88,True,99.88,0.12,0.0,0.0
Te-gl_374.jpg,glioma,glioma,99.98,True,99.98,0.02,0.0,0.0
Te-gl_375.jpg,glioma,glioma,99.89,True,99.89,0.11,0.0,0.0
Te-gl_376.jpg,glioma,glioma,99.92,True,99.92,0.06,0.01,0.0
Te-gl_377.jpg,glioma,meningioma,82.9,False,17.1,82.9,0.0,0.0
Te-gl_378.jpg,glioma,glioma,100.0,True,100.0,0.0,0.0,0.0
Te-gl_379.jpg,glioma,glioma,99.8,True,99.8,0.19,0.0,0.0
Te-gl_38.jpg,glioma,glioma,99.96,True,99.96,0.04,0.0,0.0
Te-gl_380.jpg,glioma,glioma,98.86,True,98.86,0.82,0.02,0.3
Te-gl_381.jpg,glioma,glioma,53.44,True,53.44,46.56,0.0,0.0
Te-gl_382.jpg,glioma,glioma,93.3,True,93.3,6.56,0.03,0.11
Te-gl_383.jpg,glioma,glioma,99.98,True,99.98,0.02,0.0,0.0
Te-gl_384.jpg,glioma,glioma,98.65,True,98.65,1.35,0.0,0.0
Te-gl_385.jpg,glioma,glioma,100.0,True,100.0,0.0,0.0,0.0
Te-gl_386.jpg,glioma,glioma,98.21,True,98.21,1.78,0.01,0.0
Te-gl_387.jpg,glioma,glioma,100.0,True,100.0,0.0,0.0,0.0
Te-gl_388.jpg,glioma,glioma,90.45,True,90.45,9.52,0.01,0.03
Te-gl_389.jpg,glioma,meningioma,98.63,False,0.0,98.63,0.96,0.41
Te-gl_39.jpg,glioma,meningioma,95.9,False,0.0,95.9,4.09,0.01
Te-gl_390.jpg,glioma,glioma,100.0,True,100.0,0.0,0.0,0.0
Te-gl_391.jpg,glioma,meningioma,54.63,False,8.08,54.63,22.93,14.36
Te-gl_392.jpg,glioma,glioma,99.98,True,99.98,0.02,0.0,0.0
Te-gl_393.jpg,glioma,glioma,100.0,True,100.0,0.0,0.0,0.0
Te-gl_394.jpg,glioma,glioma,86.92,True,86.92,2.64,0.0,10.44
Te-gl_395.jpg,glioma,glioma,99.19,True,99.19,0.76,0.0,0.05
Te-gl_396.jpg,glioma,glioma,100.0,True,100.0,0.0,0.0,0.0
Te-gl_397.jpg,glioma,glioma,100.0,True,100.0,0.0,0.0,0.0
Te-gl_398.jpg,glioma,glioma,100.0,True,100.0,0.0,0.0,0.0
Te-gl_399.jpg,glioma,meningioma,91.64,False,8.36,91.64,0.0,0.0
Te-gl_4.jpg,glioma,glioma,99.99,True,99.99,0.01,0.0,0.0
Te-gl_40.jpg,glioma,glioma,99.95,True,99.95,0.05,0.0,0.0
Te-gl_400.jpg,glioma,glioma,86.18,True,86.18,8.44,0.88,4.49
Te-gl_41.jpg,glioma,glioma,99.85,True,99.85,0.15,0.0,0.0
Te-gl_42.jpg,glioma,glioma,98.64,True,98.64,1.25,0.07,0.04
Te-gl_43.jpg,glioma,notumor,96.24,False,0.02,1.1,96.24,2.64
Te-gl_44.jpg,glioma,glioma,100.0,True,100.0,0.0,0.0,0.0
Te-gl_45.jpg,glioma,glioma,99.95,True,99.95,0.05,0.0,0.0
Te-gl_46.jpg,glioma,glioma,89.4,True,89.4,10.59,0.0,0.01
Te-gl_47.jpg,glioma,meningioma,79.7,False,6.23,79.7,12.1,1.98
Te-gl_48.jpg,glioma,glioma,99.7,True,99.7,0.3,0.0,0.01
Te-gl_49.jpg,glioma,glioma,99.97,True,99.97,0.03,0.0,0.0
Te-gl_5.jpg,glioma,glioma,100.0,True,100.0,0.0,0.0,0.0
Te-gl_50.jpg,glioma,glioma,100.0,True,100.0,0.0,0.0,0.0
Te-gl_51.jpg,glioma,glioma,98.55,True,98.55,1.25,0.07,0.14
Te-gl_52.jpg,glioma,glioma,100.0,True,100.0,0.0,0.0,0.0
Te-gl_53.jpg,glioma,notumor,69.84,False,0.08,16.08,69.84,14.0
Te-gl_54.jpg,glioma,glioma,69.25,True,69.25,30.75,0.0,0.0
Te-gl_55.jpg,glioma,glioma,99.76,True,99.76,0.1,0.0,0.13
Te-gl_56.jpg,glioma,meningioma,78.21,False,19.01,78.21,2.19,0.59
Te-gl_57.jpg,glioma,glioma,98.41,True,98.41,1.59,0.0,0.0
Te-gl_58.jpg,glioma,glioma,91.86,True,91.86,5.72,2.14,0.28
Te-gl_59.jpg,glioma,notumor,90.86,False,3.15,4.97,90.86,1.02
Te-gl_6.jpg,glioma,glioma,99.98,True,99.98,0.01,0.0,0.01
Te-gl_60.jpg,glioma,glioma,100.0,True,100.0,0.0,0.0,0.0
Te-gl_61.jpg,glioma,glioma,100.0,True,100.0,0.0,0.0,0.0
Te-gl_62.jpg,glioma,notumor,99.76,False,0.0,0.24,99.76,0.0
Te-gl_63.jpg,glioma,glioma,100.0,True,100.0,0.0,0.0,0.0
Te-gl_64.jpg,glioma,glioma,97.21,True,97.21,0.29,0.0,2.5
Te-gl_65.jpg,glioma,glioma,93.34,True,93.34,6.66,0.0,0.0
Te-gl_66.jpg,glioma,meningioma,85.99,False,12.67,85.99,0.07,1.27
Te-gl_67.jpg,glioma,glioma,77.02,True,77.02,21.73,0.59,0.66
Te-gl_68.jpg,glioma,meningioma,99.33,False,0.0,99.33,0.09,0.58
Te-gl_69.jpg,glioma,glioma,100.0,True,100.0,0.0,0.0,0.0
Te-gl_7.jpg,glioma,glioma,99.65,True,99.65,0.35,0.0,0.0
Te-gl_70.jpg,glioma,glioma,99.89,True,99.89,0.0,0.0,0.1
Te-gl_71.jpg,glioma,meningioma,56.85,False,43.03,56.85,0.12,0.0
Te-gl_72.jpg,glioma,notumor,97.43,False,1.45,1.1,97.43,0.03
Te-gl_73.jpg,glioma,glioma,99.4,True,99.4,0.45,0.0,0.14
Te-gl_74.jpg,glioma,notumor,99.88,False,0.0,0.12,99.88,0.0
Te-gl_75.jpg,glioma,glioma,82.08,True,82.08,17.4,0.11,0.41
Te-gl_76.jpg,glioma,pituitary,74.05,False,0.9,24.97,0.08,74.05
Te-gl_77.jpg,glioma,glioma,66.0,True,66.0,27.5,0.41,6.09
Te-gl_78.jpg,glioma,notumor,98.67,False,0.29,1.03,98.67,0.01
Te-gl_79.jpg,glioma,glioma,98.42,True,98.42,1.58,0.0,0.0
Te-gl_8.jpg,glioma,glioma,100.0,True,100.0,0.0,0.0,0.0
Te-gl_80.jpg,glioma,glioma,100.0,True,100.0,0.0,0.0,0.0
Te-gl_81.jpg,glioma,glioma,100.0,True,100.0,0.0,0.0,0.0
Te-gl_82.jpg,glioma,meningioma,53.65,False,45.97,53.65,0.19,0.18
Te-gl_83.jpg,glioma,glioma,99.98,True,99.98,0.02,0.0,0.0
Te-gl_84.jpg,glioma,meningioma,93.18,False,3.21,93.18,3.59,0.03
Te-gl_85.jpg,glioma,glioma,100.0,True,100.0,0.0,0.0,0.0
Te-gl_86.jpg,glioma,meningioma,35.58,False,32.89,35.58,24.52,7.0
Te-gl_87.jpg,glioma,meningioma,94.05,False,5.89,94.05,0.05,0.0
Te-gl_88.jpg,glioma,glioma,98.07,True,98.07,1.92,0.0,0.0
Te-gl_89.jpg,glioma,glioma,99.96,True,99.96,0.0,0.0,0.04
Te-gl_9.jpg,glioma,glioma,100.0,True,100.0,0.0,0.0,0.0
Te-gl_90.jpg,glioma,glioma,99.79,True,99.79,0.21,0.0,0.0
Te-gl_91.jpg,glioma,glioma,60.2,True,60.2,39.74,0.0,0.06
Te-gl_92.jpg,glioma,glioma,99.96,True,99.96,0.04,0.0,0.0
Te-gl_93.jpg,glioma,glioma,75.37,True,75.37,24.63,0.0,0.0
Te-gl_94.jpg,glioma,glioma,94.08,True,94.08,3.35,0.01,2.57
Te-gl_95.jpg,glioma,glioma,99.99,True,99.99,0.01,0.0,0.0
Te-gl_96.jpg,glioma,glioma,99.96,True,99.96,0.04,0.0,0.0
Te-gl_97.jpg,glioma,notumor,97.97,False,0.93,1.1,97.97,0.0
Te-gl_98.jpg,glioma,glioma,99.61,True,99.61,0.24,0.0,0.14
Te-gl_99.jpg,glioma,glioma,99.91,True,99.91,0.09,0.0,0.0
Te-aug-me_1.jpg,meningioma,meningioma,98.95,True,0.81,98.95,0.04,0.21
Te-aug-me_10.jpg,meningioma,meningioma,61.57,True,0.01,61.57,0.0,38.42
Te-aug-me_100.jpg,meningioma,meningioma,95.83,True,0.25,95.83,3.63,0.28
Te-aug-me_101.jpg,meningioma,meningioma,98.11,True,0.33,98.11,1.45,0.11
Te-aug-me_102.jpg,meningioma,meningioma,88.06,True,10.75,88.06,0.15,1.04
Te-aug-me_103.jpg,meningioma,meningioma,77.64,True,19.5,77.64,0.33,2.53
Te-aug-me_11.jpg,meningioma,glioma,57.47,False,57.47,42.51,0.01,0.01
Te-aug-me_12.jpg,meningioma,meningioma,98.47,True,1.14,98.47,0.02,0.37
Te-aug-me_13.jpg,meningioma,meningioma,99.65,True,0.35,99.65,0.0,0.0
Te-aug-me_14.jpg,meningioma,meningioma,80.24,True,0.01,80.24,0.0,19.75
Te-aug-me_15.jpg,meningioma,meningioma,95.37,True,4.63,95.37,0.0,0.0
Te-aug-me_16.jpg,meningioma,meningioma,56.67,True,40.78,56.67,0.65,1.9
Te-aug-me_17.jpg,meningioma,meningioma,93.1,True,4.69,93.1,0.04,2.17
Te-aug-me_18.jpg,meningioma,meningioma,99.05,True,0.91,99.05,0.04,0.0
Te-aug-me_19.jpg,meningioma,meningioma,62.37,True,37.57,62.37,0.0,0.06
Te-aug-me_2.jpg,meningioma,meningioma,99.78,True,0.22,99.78,0.01,0.0
Te-aug-me_20.jpg,meningioma,meningioma,88.7,True,11.29,88.7,0.0,0.0
Te-aug-me_21.jpg,meningioma,meningioma,97.0,True,2.92,97.0,0.07,0.01
Te-aug-me_22.jpg,meningioma,meningioma,92.09,True,0.18,92.09,1.7,6.03
Te-aug-me_23.jpg,meningioma,meningioma,74.74,True,25.23,74.74,0.01,0.02
Te-aug-me_24.jpg,meningioma,pituitary,84.92,False,0.46,14.11,0.51,84.92
Te-aug-me_25.jpg,meningioma,meningioma,90.84,True,8.79,90.84,0.37,0.01
Te-aug-me_26.jpg,meningioma,meningioma,97.24,True,0.55,97.24,1.0,1.21
Te-aug-me_27.jpg,meningioma,meningioma,76.02,True,23.73,76.02,0.21,0.05
Te-aug-me_28.jpg,meningioma,meningioma,99.12,True,0.23,99.12,0.0,0.65
Te-aug-me_29.jpg,meningioma,meningioma,99.86,True,0.01,99.86,0.0,0.13
Te-aug-me_3.jpg,meningioma,meningioma,96.67,True,3.25,96.67,0.01,0.08
Te-aug-me_30.jpg,meningioma,meningioma,90.91,True,3.12,90.91,0.15,5.82
Te-aug-me_31.jpg,meningioma,meningioma,99.0,True,1.0,99.0,0.01,0.0
Te-aug-me_32.jpg,meningioma,meningioma,99.98,True,0.01,99.98,0.0,0.0
Te-aug-me_33.jpg,meningioma,meningioma,90.12,True,9.86,90.12,0.02,0.01
Te-aug-me_34.jpg,meningioma,meningioma,99.68,True,0.31,99.68,0.0,0.01
Te-aug-me_35.jpg,meningioma,meningioma,96.57,True,0.68,96.57,0.0,2.75
Te-aug-me_36.jpg,meningioma,meningioma,99.71,True,0.29,99.71,0.0,0.0
Te-aug-me_37.jpg,meningioma,meningioma,98.48,True,1.15,98.48,0.37,0.0
Te-aug-me_38.jpg,meningioma,meningioma,93.26,True,6.67,93.26,0.07,0.0
Te-aug-me_39.jpg,meningioma,meningioma,99.92,True,0.08,99.92,0.0,0.0
Te-aug-me_4.jpg,meningioma,meningioma,98.7,True,0.33,98.7,0.03,0.95
Te-aug-me_40.jpg,meningioma,meningioma,98.82,True,0.02,98.82,0.0,1.17
Te-aug-me_41.jpg,meningioma,meningioma,69.87,True,30.06,69.87,0.03,0.04
Te-aug-me_42.jpg,meningioma,meningioma,99.74,True,0.03,99.74,0.01,0.21
Te-aug-me_43.jpg,meningioma,meningioma,99.36,True,0.53,99.36,0.0,0.11
Te-aug-me_44.jpg,meningioma,meningioma,99.51,True,0.49,99.51,0.0,0.01
Te-aug-me_45.jpg,meningioma,meningioma,98.9,True,0.48,98.9,0.34,0.28
Te-aug-me_46.jpg,meningioma,meningioma,98.88,True,1.12,98.88,0.0,0.0
Te-aug-me_47.jpg,meningioma,meningioma,99.45,True,0.38,99.45,0.16,0.0
Te-aug-me_48.jpg,meningioma,meningioma,77.48,True,5.04,77.48,0.04,17.44
Te-aug-me_49.jpg,meningioma,meningioma,98.28,True,0.39,98.28,0.18,1.15
Te-aug-me_5.jpg,meningioma,meningioma,90.49,True,9.42,90.49,0.04,0.04
Te-aug-me_50.jpg,meningioma,meningioma,77.66,True,12.83,77.66,1.1,8.42
Te-aug-me_51.jpg,meningioma,meningioma,97.07,True,2.93,97.07,0.0,0.0
Te-aug-me_52.jpg,meningioma,meningioma,99.99,True,0.0,99.99,0.0,0.0
Te-aug-me_53.jpg,meningioma,meningioma,87.95,True,12.02,87.95,0.0,0.03
Te-aug-me_54.jpg,meningioma,meningioma,81.1,True,18.83,81.1,0.05,0.02
Te-aug-me_55.jpg,meningioma,meningioma,73.62,True,25.18,73.62,0.03,1.17
Te-aug-me_56.jpg,meningioma,meningioma,70.41,True,29.27,70.41,0.29,0.03
Te-aug-me_57.jpg,meningioma,meningioma,99.98,True,0.02,99.98,0.0,0.0
Te-aug-me_58.jpg,meningioma,meningioma,93.51,True,5.75,93.51,0.59,0.15
Te-aug-me_59.jpg,meningioma,meningioma,75.57,True,24.22,75.57,0.0,0.21
Te-aug-me_6.jpg,meningioma,glioma,53.04,False,53.04,39.28,3.41,4.28
Te-aug-me_60.jpg,meningioma,meningioma,75.22,True,23.72,75.22,0.25,0.82
Te-aug-me_61.jpg,meningioma,meningioma,78.3,True,1.2,78.3,0.13,20.37
Te-aug-me_62.jpg,meningioma,meningioma,99.64,True,0.33,99.64,0.0,0.03
Te-aug-me_63.jpg,meningioma,meningioma,91.48,True,8.15,91.48,0.35,0.02
Te-aug-me_64.jpg,meningioma,meningioma,96.68,True,2.55,96.68,0.24,0.53
Te-aug-me_65.jpg,meningioma,meningioma,95.73,True,4.15,95.73,0.05,0.07
Te-aug-me_66.jpg,meningioma,meningioma,89.5,True,0.99,89.5,0.04,9.48
Te-aug-me_67.jpg,meningioma,meningioma,89.85,True,9.81,89.85,0.24,0.1
Te-aug-me_68.jpg,meningioma,meningioma,87.86,True,11.59,87.86,0.48,0.07
Te-aug-me_69.jpg,meningioma,meningioma,99.45,True,0.27,99.45,0.21,0.07
Te-aug-me_7.jpg,meningioma,meningioma,95.02,True,4.18,95.02,0.79,0.01
Te-aug-me_70.jpg,meningioma,meningioma,90.63,True,9.1,90.63,0.01,0.26
Te-aug-me_71.jpg,meningioma,pituitary,63.75,False,0.01,36.24,0.0,63.75
Te-aug-me_72.jpg,meningioma,meningioma,88.96,True,10.63,88.96,0.05,0.36
Te-aug-me_73.jpg,meningioma,meningioma,99.98,True,0.02,99.98,0.0,0.0
Te-aug-me_74.jpg,meningioma,meningioma,94.45,True,5.53,94.45,0.02,0.0
Te-aug-me_75.jpg,meningioma,meningioma,96.12,True,3.04,96.12,0.01,0.82
Te-aug-me_76.jpg,meningioma,meningioma,99.64,True,0.36,99.64,0.0,0.0
Te-aug-me_77.jpg,meningioma,meningioma,98.32,True,1.0,98.32,0.59,0.09
Te-aug-me_78.jpg,meningioma,meningioma,92.82,True,6.77,92.82,0.38,0.04
Te-aug-me_79.jpg,meningioma,meningioma,99.01,True,0.83,99.01,0.06,0.1
Te-aug-me_8.jpg,meningioma,meningioma,91.44,True,8.31,91.44,0.22,0.03
Te-aug-me_80.jpg,meningioma,meningioma,96.4,True,3.57,96.4,0.01,0.03
Te-aug-me_81.jpg,meningioma,meningioma,99.96,True,0.03,99.96,0.0,0.0
Te-aug-me_82.jpg,meningioma,meningioma,99.96,True,0.04,99.96,0.0,0.0
Te-aug-me_83.jpg,meningioma,meningioma,99.67,True,0.32,99.67,0.0,0.0
Te-aug-me_84.jpg,meningioma,meningioma,98.2,True,1.73,98.2,0.04,0.04
Te-aug-me_85.jpg,meningioma,meningioma,99.84,True,0.06,99.84,0.0,0.1
Te-aug-me_86.jpg,meningioma,meningioma,94.48,True,5.51,94.48,0.01,0.0
Te-aug-me_87.jpg,meningioma,meningioma,100.0,True,0.0,100.0,0.0,0.0
Te-aug-me_88.jpg,meningioma,meningioma,91.06,True,7.96,91.06,0.91,0.07
Te-aug-me_89.jpg,meningioma,meningioma,96.13,True,3.35,96.13,0.02,0.49
Te-aug-me_9.jpg,meningioma,pituitary,69.39,False,0.31,30.25,0.05,69.39
Te-aug-me_90.jpg,meningioma,meningioma,93.29,True,0.05,93.29,0.01,6.65
Te-aug-me_91.jpg,meningioma,meningioma,98.07,True,1.64,98.07,0.16,0.13
Te-aug-me_92.jpg,meningioma,glioma,94.03,False,94.03,4.88,1.07,0.03
Te-aug-me_93.jpg,meningioma,meningioma,45.42,True,4.71,45.42,5.43,44.43
Te-aug-me_94.jpg,meningioma,meningioma,95.52,True,0.79,95.52,0.05,3.64
Te-aug-me_95.jpg,meningioma,meningioma,99.71,True,0.19,99.71,0.0,0.09
Te-aug-me_96.jpg,meningioma,meningioma,51.72,True,48.27,51.72,0.0,0.0
Te-aug-me_97.jpg,meningioma,meningioma,99.61,True,0.39,99.61,0.0,0.0
Te-aug-me_98.jpg,meningioma,meningioma,85.24,True,14.48,85.24,0.28,0.0
Te-aug-me_99.jpg,meningioma,meningioma,99.24,True,0.74,99.24,0.0,0.01
Te-me_1.jpg,meningioma,meningioma,93.85,True,0.57,93.85,0.53,5.05
Te-me_10.jpg,meningioma,meningioma,99.62,True,0.36,99.62,0.01,0.01
Te-me_100.jpg,meningioma,pituitary,80.65,False,0.15,18.52,0.68,80.65
Te-me_101.jpg,meningioma,meningioma,99.64,True,0.04,99.64,0.28,0.04
Te-me_102.jpg,meningioma,meningioma,89.04,True,10.96,89.04,0.0,0.0
Te-me_103.jpg,meningioma,meningioma,97.43,True,0.12,97.43,0.0,2.44
Te-me_104.jpg,meningioma,meningioma,60.46,True,26.15,60.46,0.01,13.38
Te-me_105.jpg,meningioma,meningioma,99.6,True,0.36,99.6,0.02,0.02
Te-me_106.jpg,meningioma,meningioma,96.96,True,0.23,96.96,0.0,2.81
Te-me_107.jpg,meningioma,meningioma,88.93,True,11.06,88.93,0.0,0.0
Te-me_108.jpg,meningioma,meningioma,75.29,True,24.7,75.29,0.01,0.0
Te-me_109.jpg,meningioma,meningioma,99.79,True,0.0,99.79,0.03,0.17
Te-me_11.jpg,meningioma,meningioma,99.16,True,0.84,99.16,0.0,0.0
Te-me_110.jpg,meningioma,meningioma,99.93,True,0.07,99.93,0.0,0.0
Te-me_111.jpg,meningioma,meningioma,89.99,True,9.23,89.99,0.73,0.05
Te-me_112.jpg,meningioma,meningioma,91.39,True,8.6,91.39,0.0,0.0
Te-me_113.jpg,meningioma,meningioma,98.52,True,0.04,98.52,0.6,0.84
Te-me_114.jpg,meningioma,pituitary,53.58,False,0.02,46.4,0.0,53.58
Te-me_115.jpg,meningioma,meningioma,66.86,True,0.08,66.86,0.0,33.05
Te-me_116.jpg,meningioma,meningioma,50.17,True,0.0,50.17,0.04,49.79
Te-me_117.jpg,meningioma,notumor,50.44,False,1.4,48.16,50.44,0.0
Te-me_118.jpg,meningioma,meningioma,97.42,True,2.58,97.42,0.0,0.0
Te-me_119.jpg,meningioma,meningioma,78.07,True,21.85,78.07,0.01,0.07
Te-me_12.jpg,meningioma,meningioma,95.89,True,3.99,95.89,0.0,0.12
Te-me_120.jpg,meningioma,meningioma,52.16,True,47.78,52.16,0.0,0.06
Te-me_121.jpg,meningioma,meningioma,99.73,True,0.0,99.73,0.12,0.14
Te-me_122.jpg,meningioma,meningioma,99.15,True,0.69,99.15,0.01,0.15
Te-me_123.jpg,meningioma,meningioma,74.68,True,25.3,74.68,0.01,0.01
Te-me_124.jpg,meningioma,glioma,89.2,False,89.2,10.42,0.04,0.34
Te-me_125.jpg,meningioma,meningioma,86.26,True,4.65,86.26,9.05,0.03
Te-me_126.jpg,meningioma,meningioma,72.43,True,0.0,72.43,27.55,0.02
Te-me_127.jpg,meningioma,meningioma,87.98,True,11.67,87.98,0.01,0.33
Te-me_128.jpg,meningioma,meningioma,96.82,True,1.21,96.82,0.03,1.93
Te-me_129.jpg,meningioma,meningioma,92.97,True,0.19,92.97,3.57,3.26
Te-me_13.jpg,meningioma,meningioma,50.15,True,49.7,50.15,0.01,0.14
Te-me_130.jpg,meningioma,meningioma,72.96,True,0.02,72.96,0.0,27.02
Te-me_131.jpg,meningioma,meningioma,99.65,True,0.34,99.65,0.0,0.0
Te-me_132.jpg,meningioma,meningioma,98.15,True,1.81,98.15,0.04,0.01
Te-me_133.jpg,meningioma,meningioma,92.9,True,0.55,92.9,0.07,6.48
Te-me_134.jpg,meningioma,meningioma,86.67,True,0.96,86.67,3.38,8.99
Te-me_135.jpg,meningioma,meningioma,92.85,True,3.27,92.85,3.71,0.16
Te-me_136.jpg,meningioma,glioma,97.06,False,97.06,2.91,0.02,0.02
Te-me_137.jpg,meningioma,meningioma,81.53,True,0.0,81.53,18.08,0.39
Te-me_138.jpg,meningioma,notumor,78.98,False,0.01,20.66,78.98,0.35
Te-me_139.jpg,meningioma,meningioma,99.65,True,0.35,99.65,0.0,0.0
Te-me_14.jpg,meningioma,meningioma,97.2,True,2.19,97.2,0.03,0.57
Te-me_140.jpg,meningioma,meningioma,99.94,True,0.06,99.94,0.0,0.0
Te-me_141.jpg,meningioma,meningioma,55.36,True,40.56,55.36,0.0,4.07
Te-me_142.jpg,meningioma,meningioma,97.52,True,2.47,97.52,0.01,0.01
Te-me_143.jpg,meningioma,meningioma,99.82,True,0.07,99.82,0.08,0.02
Te-me_144.jpg,meningioma,meningioma,92.73,True,0.12,92.73,6.44,0.7
Te-me_145.jpg,meningioma,meningioma,98.79,True,0.78,98.79,0.01,0.42
Te-me_146.jpg,meningioma,meningioma,65.01,True,32.18,65.01,0.01,2.79
Te-me_147.jpg,meningioma,glioma,62.01,False,62.01,37.8,0.04,0.14
Te-me_148.jpg,meningioma,meningioma,89.09,True,8.24,89.09,0.01,2.65
Te-me_149.jpg,meningioma,meningioma,99.68,True,0.26,99.68,0.02,0.04
Te-me_15.jpg,meningioma,meningioma,82.11,True,17.85,82.11,0.0,0.04
Te-me_150.jpg,meningioma,meningioma,99.19,True,0.75,99.19,0.0,0.06
Te-me_151.jpg,meningioma,glioma,80.25,False,80.25,19.75,0.0,0.0
Te-me_152.jpg,meningioma,meningioma,91.67,True,8.31,91.67,0.01,0.01
Te-me_153.jpg,meningioma,meningioma,83.78,True,16.01,83.78,0.0,0.2
Te-me_154.jpg,meningioma,meningioma,87.31,True,12.6,87.31,0.0,0.09
Te-me_155.jpg,meningioma,meningioma,89.21,True,10.78,89.21,0.0,0.0
Te-me_156.jpg,meningioma,meningioma,99.48,True,0.0,99.48,0.5,0.02
Te-me_157.jpg,meningioma,meningioma,96.57,True,0.13,96.57,1.32,1.98
Te-me_158.jpg,meningioma,meningioma,67.77,True,0.09,67.77,21.92,10.22
Te-me_159.jpg,meningioma,meningioma,89.02,True,0.03,89.02,2.49,8.46
Te-me_16.jpg,meningioma,meningioma,92.47,True,7.45,92.47,0.0,0.08
Te-me_160.jpg,meningioma,glioma,57.18,False,57.18,41.45,0.58,0.79
Te-me_161.jpg,meningioma,meningioma,99.37,True,0.62,99.37,0.0,0.01
Te-me_162.jpg,meningioma,meningioma,98.29,True,0.56,98.29,1.08,0.06
Te-me_163.jpg,meningioma,meningioma,59.55,True,38.86,59.55,0.01,1.58
Te-me_164.jpg,meningioma,meningioma,99.97,True,0.02,99.97,0.0,0.0
Te-me_165.jpg,meningioma,meningioma,76.85,True,5.6,76.85,17.24,0.31
Te-me_166.jpg,meningioma,meningioma,86.31,True,0.46,86.31,0.06,13.17
Te-me_167.jpg,meningioma,notumor,88.39,False,0.03,8.67,88.39,2.91
Te-me_168.jpg,meningioma,meningioma,99.22,True,0.12,99.22,0.01,0.65
Te-me_169.jpg,meningioma,pituitary,79.94,False,0.0,20.06,0.0,79.94
Te-me_17.jpg,meningioma,meningioma,90.04,True,4.92,90.04,0.04,5.0
Te-me_170.jpg,meningioma,meningioma,97.47,True,0.63,97.47,0.01,1.9
Te-me_171.jpg,meningioma,meningioma,97.93,True,1.55,97.93,0.22,0.3
Te-me_172.jpg,meningioma,meningioma,97.39,True,2.61,97.39,0.0,0.0
Te-me_173.jpg,meningioma,meningioma,99.96,True,0.04,99.96,0.0,0.0
Te-me_174.jpg,meningioma,meningioma,82.63,True,16.8,82.63,0.5,0.07
Te-me_175.jpg,meningioma,meningioma,93.3,True,1.08,93.3,5.6,0.02
Te-me_176.jpg,meningioma,meningioma,76.91,True,22.71,76.91,0.07,0.31
Te-me_177.jpg,meningioma,meningioma,97.49,True,2.44,97.49,0.02,0.05
Te-me_178.jpg,meningioma,meningioma,95.97,True,3.8,95.97,0.0,0.22
Te-me_179.jpg,meningioma,meningioma,92.77,True,1.46,92.77,0.18,5.58
Te-me_18.jpg,meningioma,meningioma,99.83,True,0.16,99.83,0.0,0.0
Te-me_180.jpg,meningioma,meningioma,99.95,True,0.0,99.95,0.04,0.01
Te-me_181.jpg,meningioma,pituitary,55.21,False,0.04,44.72,0.03,55.21
Te-me_182.jpg,meningioma,meningioma,53.95,True,0.27,53.95,44.63,1.15
Te-me_183.jpg,meningioma,meningioma,72.73,True,27.25,72.73,0.02,0.0
Te-me_184.jpg,meningioma,meningioma,99.18,True,0.69,99.18,0.02,0.11
Te-me_185.jpg,meningioma,meningioma,97.88,True,1.84,97.88,0.25,0.03
Te-me_186.jpg,meningioma,notumor,67.69,False,0.02,30.76,67.69,1.53
Te-me_187.jpg,meningioma,meningioma,97.32,True,0.05,97.32,1.54,1.09
Te-me_188.jpg,meningioma,meningioma,98.75,True,0.75,98.75,0.01,0.5
Te-me_189.jpg,meningioma,meningioma,99.77,True,0.22,99.77,0.0,0.02
Te-me_19.jpg,meningioma,meningioma,83.76,True,0.02,83.76,12.57,3.65
Te-me_190.jpg,meningioma,meningioma,95.68,True,0.0,95.68,3.99,0.33
Te-me_191.jpg,meningioma,meningioma,83.28,True,4.75,83.28,0.03,11.95
Te-me_192.jpg,meningioma,meningioma,71.22,True,28.77,71.22,0.0,0.01
Te-me_193.jpg,meningioma,meningioma,97.39,True,2.56,97.39,0.0,0.04
Te-me_194.jpg,meningioma,meningioma,99.06,True,0.94,99.06,0.01,0.0
Te-me_195.jpg,meningioma,meningioma,99.73,True,0.04,99.73,0.15,0.08
Te-me_196.jpg,meningioma,meningioma,98.29,True,1.7,98.29,0.01,0.0
Te-me_197.jpg,meningioma,meningioma,50.86,True,45.34,50.86,0.34,3.47
Te-me_198.jpg,meningioma,meningioma,92.77,True,1.46,92.77,0.18,5.58
Te-me_199.jpg,meningioma,meningioma,99.64,True,0.36,99.64,0.0,0.0
Te-me_2.jpg,meningioma,meningioma,99.49,True,0.1,99.49,0.29,0.12
Te-me_20.jpg,meningioma,meningioma,99.96,True,0.02,99.96,0.01,0.0
Te-me_200.jpg,meningioma,pituitary,85.78,False,0.37,13.82,0.03,85.78
Te-me_201.jpg,meningioma,meningioma,97.21,True,1.28,97.21,0.0,1.51
Te-me_202.jpg,meningioma,meningioma,70.13,True,0.0,70.13,29.81,0.05
Te-me_203.jpg,meningioma,meningioma,98.75,True,1.25,98.75,0.0,0.0
Te-me_204.jpg,meningioma,meningioma,93.36,True,2.52,93.36,0.18,3.94
Te-me_205.jpg,meningioma,meningioma,99.17,True,0.48,99.17,0.21,0.14
Te-me_206.jpg,meningioma,meningioma,58.54,True,4.78,58.54,36.44,0.24
Te-me_207.jpg,meningioma,meningioma,87.46,True,0.04,87.46,1.39,11.11
Te-me_208.jpg,meningioma,meningioma,89.65,True,0.0,89.65,9.57,0.77
Te-me_209.jpg,meningioma,pituitary,92.96,False,0.36,6.67,0.01,92.96
Te-me_21.jpg,meningioma,meningioma,97.57,True,2.42,97.57,0.0,0.01
Te-me_210.jpg,meningioma,meningioma,90.37,True,8.11,90.37,1.41,0.11
Te-me_211.jpg,meningioma,meningioma,93.72,True,6.27,93.72,0.0,0.0
Te-me_212.jpg,meningioma,meningioma,98.95,True,1.03,98.95,0.0,0.01
Te-me_213.jpg,meningioma,meningioma,78.83,True,0.37,78.83,20.49,0.31
Te-me_214.jpg,meningioma,notumor,93.09,False,0.0,6.9,93.09,0.01
Te-me_215.jpg,meningioma,meningioma,99.9,True,0.09,99.9,0.0,0.0
Te-me_216.jpg,meningioma,meningioma,99.18,True,0.04,99.18,0.34,0.44
Te-me_217.jpg,meningioma,meningioma,88.49,True,4.19,88.49,0.02,7.3
Te-me_218.jpg,meningioma,meningioma,99.79,True,0.21,99.79,0.0,0.0
Te-me_219.jpg,meningioma,meningioma,96.88,True,1.11,96.88,0.57,1.45
Te-me_22.jpg,meningioma,meningioma,99.34,True,0.65,99.34,0.01,0.0
Te-me_220.jpg,meningioma,meningioma,99.28,True,0.69,99.28,0.0,0.03
Te-me_221.jpg,meningioma,meningioma,72.61,True,22.75,72.61,3.4,1.25
Te-me_222.jpg,meningioma,meningioma,96.96,True,0.11,96.96,0.0,2.93
Te-me_223.jpg,meningioma,meningioma,94.74,True,2.88,94.74,2.38,0.0
Te-me_224.jpg,meningioma,meningioma,96.91,True,3.06,96.91,0.01,0.02
Te-me_225.jpg,meningioma,meningioma,93.59,True,4.53,93.59,1.59,0.29
Te-me_226.jpg,meningioma,meningioma,98.83,True,0.29,98.83,0.06,0.83
Te-me_227.jpg,meningioma,pituitary,76.36,False,0.0,23.59,0.05,76.36
Te-me_228.jpg,meningioma,meningioma,97.33,True,0.01,97.33,2.55,0.11
Te-me_229.jpg,meningioma,meningioma,52.86,True,5.92,52.86,0.19,41.02
Te-me_23.jpg,meningioma,meningioma,99.98,True,0.01,99.98,0.0,0.0
Te-me_230.jpg,meningioma,meningioma,96.1,True,0.16,96.1,1.29,2.45
Te-me_231.jpg,meningioma,pituitary,41.27,False,16.35,39.25,3.13,41.27
Te-me_232.jpg,meningioma,meningioma,99.25,True,0.73,99.25,0.02,0.01
Te-me_233.jpg,meningioma,meningioma,94.72,True,4.43,94.72,0.26,0.59
Te-me_234.jpg,meningioma,meningioma,87.86,True,0.01,87.86,10.54,1.59
Te-me_235.jpg,meningioma,meningioma,50.17,True,0.0,50.17,0.04,49.79
Te-me_236.jpg,meningioma,meningioma,98.94,True,1.05,98.94,0.01,0.0
Te-me_237.jpg,meningioma,meningioma,93.58,True,6.27,93.58,0.01,0.15
Te-me_238.jpg,meningioma,meningioma,94.66,True,5.32,94.66,0.0,0.02
Te-me_239.jpg,meningioma,meningioma,97.78,True,0.04,97.78,0.06,2.12
Te-me_24.jpg,meningioma,meningioma,65.02,True,8.5,65.02,0.32,26.15
Te-me_240.jpg,meningioma,meningioma,75.92,True,0.01,75.92,0.02,24.05
Te-me_241.jpg,meningioma,meningioma,99.48,True,0.51,99.48,0.0,0.0
Te-me_242.jpg,meningioma,pituitary,62.84,False,0.02,37.09,0.05,62.84
Te-me_243.jpg,meningioma,meningioma,100.0,True,0.0,100.0,0.0,0.0
Te-me_244.jpg,meningioma,meningioma,90.29,True,9.67,90.29,0.01,0.03
Te-me_245.jpg,meningioma,glioma,90.77,False,90.77,9.22,0.0,0.01
Te-me_246.jpg,meningioma,meningioma,94.32,True,5.65,94.32,0.02,0.01
Te-me_247.jpg,meningioma,meningioma,99.07,True,0.9,99.07,0.02,0.01
Te-me_248.jpg,meningioma,meningioma,89.1,True,10.29,89.1,0.48,0.13
Te-me_249.jpg,meningioma,meningioma,99.77,True,0.05,99.77,0.01,0.17
Te-me_25.jpg,meningioma,meningioma,99.96,True,0.04,99.96,0.0,0.0
Te-me_250.jpg,meningioma,meningioma,99.38,True,0.62,99.38,0.0,0.0
Te-me_251.jpg,meningioma,meningioma,93.58,True,4.51,93.58,1.91,0.0
Te-me_252.jpg,meningioma,meningioma,99.81,True,0.03,99.81,0.14,0.03
Te-me_253.jpg,meningioma,meningioma,98.93,True,0.0,98.93,0.87,0.2
Te-me_254.jpg,meningioma,meningioma,100.0,True,0.0,100.0,0.0,0.0
Te-me_255.jpg,meningioma,meningioma,58.03,True,41.49,58.03,0.43,0.04
Te-me_256.jpg,meningioma,meningioma,85.88,True,13.95,85.88,0.17,0.0
Te-me_257.jpg,meningioma,meningioma,99.98,True,0.0,99.98,0.0,0.02
Te-me_258.jpg,meningioma,meningioma,89.69,True,10.31,89.69,0.0,0.0
Te-me_259.jpg,meningioma,notumor,73.22,False,1.61,25.0,73.22,0.17
Te-me_26.jpg,meningioma,meningioma,99.01,True,0.0,99.01,0.8,0.18
Te-me_260.jpg,meningioma,meningioma,88.3,True,11.68,88.3,0.01,0.01
Te-me_261.jpg,meningioma,meningioma,96.52,True,3.31,96.52,0.0,0.17
Te-me_262.jpg,meningioma,notumor,96.97,False,0.0,3.03,96.97,0.0
Te-me_263.jpg,meningioma,meningioma,99.21,True,0.77,99.21,0.0,0.01
Te-me_264.jpg,meningioma,meningioma,95.56,True,4.09,95.56,0.34,0.0
Te-me_265.jpg,meningioma,meningioma,99.73,True,0.22,99.73,0.05,0.0
Te-me_266.jpg,meningioma,meningioma,77.43,True,0.0,77.43,22.52,0.05
Te-me_267.jpg,meningioma,meningioma,84.01,True,15.95,84.01,0.01,0.02
Te-me_268.jpg,meningioma,meningioma,99.18,True,0.81,99.18,0.0,0.0
Te-me_269.jpg,meningioma,meningioma,99.9,True,0.09,99.9,0.01,0.0
Te-me_27.jpg,meningioma,meningioma,97.35,True,2.56,97.35,0.0,0.08
Te-me_270.jpg,meningioma,meningioma,77.1,True,2.95,77.1,19.92,0.03
Te-me_271.jpg,meningioma,meningioma,99.96,True,0.04,99.96,0.0,0.0
Te-me_272.jpg,meningioma,meningioma,95.55,True,0.02,95.55,0.12,4.31
Te-me_273.jpg,meningioma,glioma,57.69,False,57.69,42.18,0.0,0.13
Te-me_274.jpg,meningioma,meningioma,96.24,True,0.04,96.24,3.71,0.01
Te-me_275.jpg,meningioma,glioma,79.7,False,79.7,18.32,1.89,0.1
Te-me_276.jpg,meningioma,meningioma,96.22,True,3.11,96.22,0.58,0.09
Te-me_277.jpg,meningioma,meningioma,99.36,True,0.01,99.36,0.1,0.53
Te-me_278.jpg,meningioma,meningioma,97.17,True,0.01,97.17,2.82,0.0
Te-me_279.jpg,meningioma,meningioma,75.97,True,2.14,75.97,21.84,0.05
Te-me_28.jpg,meningioma,meningioma,88.57,True,10.81,88.57,0.2,0.42
Te-me_280.jpg,meningioma,meningioma,99.53,True,0.01,99.53,0.02,0.44
Te-me_281.jpg,meningioma,meningioma,100.0,True,0.0,100.0,0.0,0.0
Te-me_282.jpg,meningioma,meningioma,95.55,True,4.42,95.55,0.01,0.02
Te-me_283.jpg,meningioma,meningioma,98.72,True,1.25,98.72,0.0,0.03
Te-me_284.jpg,meningioma,meningioma,99.11,True,0.88,99.11,0.0,0.01
Te-me_285.jpg,meningioma,meningioma,87.94,True,2.61,87.94,6.77,2.68
Te-me_286.jpg,meningioma,meningioma,86.47,True,13.51,86.47,0.01,0.0
Te-me_287.jpg,meningioma,meningioma,94.94,True,1.75,94.94,0.13,3.18
Te-me_288.jpg,meningioma,meningioma,83.03,True,3.18,83.03,13.8,0.0
Te-me_289.jpg,meningioma,meningioma,96.43,True,3.55,96.43,0.02,0.0
Te-me_29.jpg,meningioma,meningioma,97.0,True,0.0,97.0,3.0,0.0
Te-me_290.jpg,meningioma,meningioma,96.34,True,0.48,96.34,3.18,0.0
Te-me_291.jpg,meningioma,meningioma,84.97,True,14.94,84.97,0.04,0.05
Te-me_292.jpg,meningioma,meningioma,78.25,True,18.51,78.25,0.02,3.22
Te-me_293.jpg,meningioma,meningioma,98.22,True,0.56,98.22,1.17,0.06
Te-me_294.jpg,meningioma,meningioma,97.18,True,2.81,97.18,0.0,0.0
Te-me_295.jpg,meningioma,meningioma,89.49,True,0.04,89.49,9.77,0.7
Te-me_296.jpg,meningioma,meningioma,91.52,True,0.37,91.52,3.39,4.72
Te-me_297.jpg,meningioma,meningioma,99.63,True,0.36,99.63,0.0,0.0
Te-me_3.jpg,meningioma,meningioma,74.85,True,0.43,74.85,23.94,0.78
Te-me_30.jpg,meningioma,meningioma,84.4,True,12.48,84.4,3.11,0.0
Te-me_31.jpg,meningioma,notumor,99.01,False,0.02,0.97,99.01,0.0
Te-me_32.jpg,meningioma,meningioma,81.04,True,18.52,81.04,0.02,0.42
Te-me_33.jpg,meningioma,meningioma,90.19,True,9.81,90.19,0.0,0.0
Te-me_34.jpg,meningioma,glioma,50.76,False,50.76,49.23,0.0,0.01
Te-me_35.jpg,meningioma,meningioma,99.99,True,0.01,99.99,0.0,0.01
Te-me_36.jpg,meningioma,meningioma,98.76,True,1.22,98.76,0.0,0.02
Te-me_37.jpg,meningioma,meningioma,86.74,True,0.04,86.74,10.93,2.3
Te-me_38.jpg,meningioma,meningioma,99.87,True,0.12,99.87,0.0,0.01
Te-me_39.jpg,meningioma,meningioma,99.97,True,0.02,99.97,0.01,0.0
Te-me_4.jpg,meningioma,meningioma,99.55,True,0.05,99.55,0.37,0.03
Te-me_40.jpg,meningioma,meningioma,95.48,True,4.51,95.48,0.0,0.0
Te-me_41.jpg,meningioma,meningioma,98.86,True,0.12,98.86,0.01,1.01
Te-me_42.jpg,meningioma,notumor,79.6,False,0.0,20.4,79.6,0.0
Te-me_43.jpg,meningioma,meningioma,92.83,True,6.9,92.83,0.0,0.26
Te-me_44.jpg,meningioma,meningioma,95.16,True,2.86,95.16,0.01,1.97
Te-me_45.jpg,meningioma,meningioma,53.95,True,0.27,53.95,44.63,1.15
Te-me_46.jpg,meningioma,meningioma,99.67,True,0.3,99.67,0.0,0.03
Te-me_47.jpg,meningioma,meningioma,53.17,True,45.53,53.17,0.01,1.29
Te-me_48.jpg,meningioma,meningioma,83.86,True,16.09,83.86,0.0,0.04
Te-me_49.jpg,meningioma,meningioma,77.13,True,0.05,77.13,22.73,0.09
Te-me_5.jpg,meningioma,meningioma,93.3,True,6.7,93.3,0.0,0.0
Te-me_50.jpg,meningioma,meningioma,99.62,True,0.01,99.62,0.26,0.11
Te-me_51.jpg,meningioma,meningioma,98.81,True,1.19,98.81,0.0,0.0
Te-me_52.jpg,meningioma,meningioma,88.07,True,0.0,88.07,6.54,5.39
Te-me_53.jpg,meningioma,meningioma,79.25,True,20.71,79.25,0.01,0.03
Te-me_54.jpg,meningioma,meningioma,66.25,True,0.3,66.25,33.27,0.18
Te-me_55.jpg,meningioma,meningioma,99.58,True,0.42,99.58,0.0,0.0
Te-me_56.jpg,meningioma,meningioma,99.83,True,0.1,99.83,0.0,0.07
Te-me_57.jpg,meningioma,glioma,59.37,False,59.37,40.6,0.03,0.0
Te-me_58.jpg,meningioma,meningioma,100.0,True,0.0,100.0,0.0,0.0
Te-me_59.jpg,meningioma,meningioma,97.67,True,2.08,97.67,0.01,0.24
Te-me_6.jpg,meningioma,meningioma,92.31,True,5.42,92.31,0.24,2.02
Te-me_60.jpg,meningioma,meningioma,89.29,True,10.29,89.29,0.2,0.22
Te-me_61.jpg,meningioma,meningioma,99.79,True,0.0,99.79,0.02,0.19
Te-me_62.jpg,meningioma,meningioma,82.73,True,1.46,82.73,15.3,0.5
Te-me_63.jpg,meningioma,meningioma,99.9,True,0.07,99.9,0.0,0.02
Te-me_64.jpg,meningioma,meningioma,98.36,True,1.61,98.36,0.0,0.03
Te-me_65.jpg,meningioma,meningioma,88.14,True,11.86,88.14,0.0,0.0
Te-me_66.jpg,meningioma,meningioma,75.08,True,0.0,75.08,24.5,0.42
Te-me_67.jpg,meningioma,glioma,88.21,False,88.21,11.73,0.02,0.04
Te-me_68.jpg,meningioma,meningioma,92.3,True,4.65,92.3,0.0,3.05
Te-me_69.jpg,meningioma,meningioma,99.45,True,0.45,99.45,0.05,0.06
Te-me_7.jpg,meningioma,meningioma,97.64,True,1.94,97.64,0.0,0.42
Te-me_70.jpg,meningioma,meningioma,89.49,True,0.04,89.49,9.77,0.7
Te-me_71.jpg,meningioma,meningioma,99.98,True,0.0,99.98,0.0,0.01
Te-me_72.jpg,meningioma,glioma,87.54,False,87.54,12.43,0.0,0.03
Te-me_73.jpg,meningioma,meningioma,92.9,True,7.02,92.9,0.08,0.0
Te-me_74.jpg,meningioma,meningioma,99.39,True,0.6,99.39,0.0,0.0
Te-me_75.jpg,meningioma,meningioma,99.47,True,0.13,99.47,0.36,0.04
Te-me_76.jpg,meningioma,meningioma,96.82,True,2.98,96.82,0.0,0.2
Te-me_77.jpg,meningioma,meningioma,92.16,True,7.12,92.16,0.0,0.72
Te-me_78.jpg,meningioma,meningioma,85.57,True,11.83,85.57,0.17,2.43
Te-me_79.jpg,meningioma,glioma,71.19,False,71.19,28.12,0.03,0.66
Te-me_8.jpg,meningioma,meningioma,84.52,True,0.0,84.52,15.48,0.0
Te-me_80.jpg,meningioma,meningioma,99.9,True,0.1,99.9,0.0,0.0
Te-me_81.jpg,meningioma,meningioma,58.8,True,20.28,58.8,14.83,6.09
Te-me_82.jpg,meningioma,notumor,97.49,False,0.27,2.24,97.49,0.0
Te-me_83.jpg,meningioma,meningioma,89.1,True,0.02,89.1,8.94,1.94
Te-me_84.jpg,meningioma,meningioma,54.99,True,45.0,54.99,0.01,0.0
Te-me_85.jpg,meningioma,glioma,62.02,False,62.02,34.21,0.01,3.75
Te-me_86.jpg,meningioma,notumor,90.21,False,0.2,9.42,90.21,0.17
Te-me_87.jpg,meningioma,meningioma,97.54,True,2.41,97.54,0.0,0.04
Te-me_88.jpg,meningioma,meningioma,92.78,True,6.95,92.78,0.18,0.08
Te-me_89.jpg,meningioma,meningioma,77.99,True,21.97,77.99,0.04,0.0
Te-me_9.jpg,meningioma,meningioma,57.69,True,0.67,57.69,26.09,15.56
Te-me_90.jpg,meningioma,meningioma,99.41,True,0.1,99.41,0.01,0.48
Te-me_91.jpg,meningioma,meningioma,98.71,True,1.14,98.71,0.01,0.15
Te-me_92.jpg,meningioma,pituitary,73.97,False,0.1,25.88,0.05,73.97
Te-me_93.jpg,meningioma,meningioma,61.77,True,0.05,61.77,0.67,37.5
Te-me_94.jpg,meningioma,meningioma,98.13,True,0.06,98.13,1.81,0.0
Te-me_95.jpg,meningioma,meningioma,96.77,True,1.6,96.77,1.62,0.01
Te-me_96.jpg,meningioma,meningioma,99.62,True,0.0,99.62,0.02,0.36
Te-me_97.jpg,meningioma,meningioma,95.66,True,4.31,95.66,0.01,0.02
Te-me_98.jpg,meningioma,meningioma,91.49,True,7.12,91.49,0.02,1.37
Te-me_99.jpg,meningioma,meningioma,99.98,True,0.02,99.98,0.0,0.0
Te-no_1.jpg,notumor,notumor,100.0,True,0.0,0.0,100.0,0.0
Te-no_10.jpg,notumor,notumor,99.99,True,0.0,0.01,99.99,0.0
Te-no_100.jpg,notumor,notumor,100.0,True,0.0,0.0,100.0,0.0
Te-no_101.jpg,notumor,notumor,98.72,True,0.01,0.8,98.72,0.48
Te-no_102.jpg,notumor,notumor,100.0,True,0.0,0.0,100.0,0.0
Te-no_103.jpg,notumor,notumor,98.97,True,0.22,0.81,98.97,0.0
Te-no_104.jpg,notumor,notumor,99.91,True,0.0,0.09,99.91,0.0
Te-no_105.jpg,notumor,notumor,99.98,True,0.0,0.02,99.98,0.0
Te-no_106.jpg,notumor,notumor,100.0,True,0.0,0.0,100.0,0.0
Te-no_107.jpg,notumor,notumor,100.0,True,0.0,0.0,100.0,0.0
Te-no_108.jpg,notumor,notumor,98.91,True,0.05,1.04,98.91,0.0
Te-no_109.jpg,notumor,notumor,100.0,True,0.0,0.0,100.0,0.0
Te-no_11.jpg,notumor,notumor,100.0,True,0.0,0.0,100.0,0.0
Te-no_110.jpg,notumor,notumor,86.26,True,0.02,13.72,86.26,0.0
Te-no_111.jpg,notumor,notumor,97.25,True,2.23,0.52,97.25,0.0
Te-no_112.jpg,notumor,notumor,99.97,True,0.01,0.02,99.97,0.0
Te-no_113.jpg,notumor,notumor,99.99,True,0.0,0.01,99.99,0.0
Te-no_114.jpg,notumor,notumor,100.0,True,0.0,0.0,100.0,0.0
Te-no_115.jpg,notumor,notumor,100.0,True,0.0,0.0,100.0,0.0
Te-no_116.jpg,notumor,notumor,100.0,True,0.0,0.0,100.0,0.0
Te-no_117.jpg,notumor,notumor,98.22,True,0.05,1.73,98.22,0.0
Te-no_118.jpg,notumor,notumor,99.98,True,0.0,0.02,99.98,0.0
Te-no_119.jpg,notumor,notumor,99.99,True,0.0,0.01,99.99,0.0
Te-no_12.jpg,notumor,notumor,100.0,True,0.0,0.0,100.0,0.0
Te-no_120.jpg,notumor,notumor,99.99,True,0.0,0.01,99.99,0.0
Te-no_121.jpg,notumor,notumor,93.11,True,0.29,6.56,93.11,0.04
Te-no_122.jpg,notumor,notumor,100.0,True,0.0,0.0,100.0,0.0
Te-no_123.jpg,notumor,notumor,99.33,True,0.45,0.23,99.33,0.0
Te-no_124.jpg,notumor,notumor,99.48,True,0.0,0.49,99.48,0.03
Te-no_125.jpg,notumor,notumor,99.99,True,0.01,0.0,99.99,0.0
Te-no_126.jpg,notumor,notumor,99.99,True,0.0,0.01,99.99,0.0
Te-no_127.jpg,notumor,notumor,100.0,True,0.0,0.0,100.0,0.0
Te-no_128.jpg,notumor,notumor,99.68,True,0.25,0.06,99.68,0.0
Te-no_129.jpg,notumor,notumor,99.91,True,0.0,0.09,99.91,0.0
Te-no_13.jpg,notumor,notumor,98.32,True,1.46,0.22,98.32,0.0
Te-no_130.jpg,notumor,notumor,99.97,True,0.0,0.03,99.97,0.0
Te-no_131.jpg,notumor,notumor,99.98,True,0.0,0.0,99.98,0.02
Te-no_132.jpg,notumor,notumor,100.0,True,0.0,0.0,100.0,0.0
Te-no_133.jpg,notumor,notumor,89.14,True,0.4,10.44,89.14,0.02
Te-no_134.jpg,notumor,notumor,97.07,True,0.0,2.53,97.07,0.41
Te-no_135.jpg,notumor,notumor,99.98,True,0.0,0.02,99.98,0.0
Te-no_136.jpg,notumor,notumor,100.0,True,0.0,0.0,100.0,0.0
Te-no_137.jpg,notumor,notumor,100.0,True,0.0,0.0,100.0,0.0
Te-no_138.jpg,notumor,notumor,100.0,True,0.0,0.0,100.0,0.0
Te-no_139.jpg,notumor,notumor,100.0,True,0.0,0.0,100.0,0.0
Te-no_14.jpg,notumor,notumor,99.99,True,0.0,0.01,99.99,0.0
Te-no_140.jpg,notumor,notumor,100.0,True,0.0,0.0,100.0,0.0
Te-no_141.jpg,notumor,notumor,99.99,True,0.0,0.01,99.99,0.0
Te-no_142.jpg,notumor,notumor,100.0,True,0.0,0.0,100.0,0.0
Te-no_143.jpg,notumor,notumor,99.84,True,0.01,0.15,99.84,0.0
Te-no_144.jpg,notumor,notumor,100.0,True,0.0,0.0,100.0,0.0
Te-no_145.jpg,notumor,notumor,100.0,True,0.0,0.0,100.0,0.0
Te-no_146.jpg,notumor,notumor,99.98,True,0.0,0.02,99.98,0.0
Te-no_147.jpg,notumor,notumor,99.95,True,0.0,0.04,99.95,0.01
Te-no_148.jpg,notumor,notumor,100.0,True,0.0,0.0,100.0,0.0
Te-no_149.jpg,notumor,notumor,99.99,True,0.0,0.01,99.99,0.0
Te-no_15.jpg,notumor,notumor,99.99,True,0.0,0.01,99.99,0.0
Te-no_150.jpg,notumor,notumor,89.16,True,0.69,9.69,89.16,0.46
Te-no_151.jpg,notumor,notumor,99.91,True,0.0,0.09,99.91,0.0
Te-no_152.jpg,notumor,notumor,97.34,True,0.51,2.14,97.34,0.0
Te-no_153.jpg,notumor,notumor,100.0,True,0.0,0.0,100.0,0.0
Te-no_154.jpg,notumor,notumor,99.8,True,0.0,0.19,99.8,0.0
Te-no_155.jpg,notumor,notumor,99.46,True,0.11,0.43,99.46,0.0
Te-no_156.jpg,notumor,notumor,100.0,True,0.0,0.0,100.0,0.0
Te-no_157.jpg,notumor,notumor,100.0,True,0.0,0.0,100.0,0.0
Te-no_158.jpg,notumor,notumor,99.86,True,0.0,0.14,99.86,0.0
Te-no_159.jpg,notumor,notumor,99.99,True,0.0,0.0,99.99,0.0
Te-no_16.jpg,notumor,notumor,100.0,True,0.0,0.0,100.0,0.0
Te-no_160.jpg,notumor,notumor,99.99,True,0.0,0.0,99.99,0.0
Te-no_161.jpg,notumor,notumor,100.0,True,0.0,0.0,100.0,0.0
Te-no_162.jpg,notumor,notumor,99.98,True,0.0,0.02,99.98,0.0
Te-no_163.jpg,notumor,notumor,99.97,True,0.02,0.01,99.97,0.0
Te-no_164.jpg,notumor,notumor,99.06,True,0.0,0.94,99.06,0.0
Te-no_165.jpg,notumor,notumor,99.93,True,0.0,0.0,99.93,0.07
Te-no_166.jpg,notumor,notumor,100.0,True,0.0,0.0,100.0,0.0
Te-no_167.jpg,notumor,meningioma,99.39,False,0.0,99.39,0.61,0.0
Te-no_168.jpg,notumor,notumor,100.0,True,0.0,0.0,100.0,0.0
Te-no_169.jpg,notumor,notumor,100.0,True,0.0,0.0,100.0,0.0
Te-no_17.jpg,notumor,notumor,97.18,True,0.11,2.7,97.18,0.0
Te-no_170.jpg,notumor,notumor,100.0,True,0.0,0.0,100.0,0.0
Te-no_171.jpg,notumor,notumor,99.97,True,0.0,0.03,99.97,0.0
Te-no_172.jpg,notumor,notumor,99.99,True,0.0,0.01,99.99,0.0
Te-no_173.jpg,notumor,notumor,100.0,True,0.0,0.0,100.0,0.0
Te-no_174.jpg,notumor,notumor,99.98,True,0.0,0.02,99.98,0.0
Te-no_175.jpg,notumor,notumor,99.99,True,0.0,0.01,99.99,0.01
Te-no_176.jpg,notumor,notumor,100.0,True,0.0,0.0,100.0,0.0
Te-no_177.jpg,notumor,notumor,99.78,True,0.2,0.02,99.78,0.01
Te-no_178.jpg,notumor,notumor,100.0,True,0.0,0.0,100.0,0.0
Te-no_179.jpg,notumor,notumor,100.0,True,0.0,0.0,100.0,0.0
Te-no_18.jpg,notumor,notumor,77.01,True,8.6,12.54,77.01,1.85
Te-no_180.jpg,notumor,notumor,99.99,True,0.0,0.0,99.99,0.0
Te-no_181.jpg,notumor,notumor,100.0,True,0.0,0.0,100.0,0.0
Te-no_182.jpg,notumor,notumor,100.0,True,0.0,0.0,100.0,0.0
Te-no_183.jpg,notumor,notumor,100.0,True,0.0,0.0,100.0,0.0
Te-no_184.jpg,notumor,notumor,100.0,True,0.0,0.0,100.0,0.0
Te-no_185.jpg,notumor,notumor,99.31,True,0.0,0.0,99.31,0.69
Te-no_186.jpg,notumor,notumor,100.0,True,0.0,0.0,100.0,0.0
Te-no_187.jpg,notumor,notumor,100.0,True,0.0,0.0,100.0,0.0
Te-no_188.jpg,notumor,notumor,99.86,True,0.0,0.14,99.86,0.0
Te-no_189.jpg,notumor,notumor,100.0,True,0.0,0.0,100.0,0.0
Te-no_19.jpg,notumor,notumor,100.0,True,0.0,0.0,100.0,0.0
Te-no_190.jpg,notumor,notumor,98.33,True,0.03,1.64,98.33,0.0
Te-no_191.jpg,notumor,notumor,100.0,True,0.0,0.0,100.0,0.0
Te-no_192.jpg,notumor,notumor,100.0,True,0.0,0.0,100.0,0.0
Te-no_193.jpg,notumor,notumor,99.46,True,0.0,0.54,99.46,0.0
Te-no_194.jpg,notumor,notumor,99.72,True,0.13,0.15,99.72,0.0
Te-no_195.jpg,notumor,notumor,99.67,True,0.0,0.0,99.67,0.33
Te-no_196.jpg,notumor,notumor,99.99,True,0.0,0.01,99.99,0.0
Te-no_197.jpg,notumor,notumor,99.99,True,0.0,0.01,99.99,0.0
Te-no_198.jpg,notumor,notumor,100.0,True,0.0,0.0,100.0,0.0
Te-no_199.jpg,notumor,notumor,99.99,True,0.0,0.01,99.99,0.0
Te-no_2.jpg,notumor,notumor,99.99,True,0.0,0.01,99.99,0.0
Te-no_20.jpg,notumor,notumor,100.0,True,0.0,0.0,100.0,0.0
Te-no_200.jpg,notumor,notumor,96.53,True,0.0,3.47,96.53,0.0
Te-no_201.jpg,notumor,notumor,99.98,True,0.0,0.02,99.98,0.0
Te-no_202.jpg,notumor,notumor,99.04,True,0.01,0.95,99.04,0.0
Te-no_203.jpg,notumor,notumor,99.03,True,0.0,0.88,99.03,0.08
Te-no_204.jpg,notumor,notumor,100.0,True,0.0,0.0,100.0,0.0
Te-no_205.jpg,notumor,notumor,99.99,True,0.0,0.01,99.99,0.0
Te-no_206.jpg,notumor,notumor,99.05,True,0.76,0.19,99.05,0.0
Te-no_207.jpg,notumor,notumor,100.0,True,0.0,0.0,100.0,0.0
Te-no_208.jpg,notumor,notumor,99.99,True,0.0,0.01,99.99,0.0
Te-no_209.jpg,notumor,notumor,99.4,True,0.04,0.56,99.4,0.0
Te-no_21.jpg,notumor,notumor,99.86,True,0.0,0.06,99.86,0.08
Te-no_210.jpg,notumor,notumor,99.96,True,0.0,0.04,99.96,0.0
Te-no_211.jpg,notumor,notumor,100.0,True,0.0,0.0,100.0,0.0
Te-no_212.jpg,notumor,notumor,99.86,True,0.01,0.07,99.86,0.06
Te-no_213.jpg,notumor,notumor,99.65,True,0.0,0.21,99.65,0.14
Te-no_214.jpg,notumor,notumor,100.0,True,0.0,0.0,100.0,0.0
Te-no_215.jpg,notumor,notumor,99.98,True,0.0,0.01,99.98,0.0
Te-no_216.jpg,notumor,notumor,100.0,True,0.0,0.0,100.0,0.0
Te-no_217.jpg,notumor,notumor,99.99,True,0.0,0.01,99.99,0.0
Te-no_218.jpg,notumor,notumor,99.94,True,0.0,0.06,99.94,0.0
Te-no_219.jpg,notumor,notumor,99.44,True,0.0,0.56,99.44,0.0
Te-no_22.jpg,notumor,notumor,100.0,True,0.0,0.0,100.0,0.0
Te-no_220.jpg,notumor,notumor,77.72,True,15.4,6.71,77.72,0.16
Te-no_221.jpg,notumor,notumor,99.98,True,0.01,0.02,99.98,0.0
Te-no_222.jpg,notumor,notumor,100.0,True,0.0,0.0,100.0,0.0
Te-no_223.jpg,notumor,notumor,100.0,True,0.0,0.0,100.0,0.0
Te-no_224.jpg,notumor,notumor,99.97,True,0.0,0.03,99.97,0.0
Te-no_225.jpg,notumor,notumor,100.0,True,0.0,0.0,100.0,0.0
Te-no_226.jpg,notumor,notumor,100.0,True,0.0,0.0,100.0,0.0
Te-no_227.jpg,notumor,notumor,100.0,True,0.0,0.0,100.0,0.0
Te-no_228.jpg,notumor,notumor,99.3,True,0.0,0.7,99.3,0.0
Te-no_229.jpg,notumor,notumor,100.0,True,0.0,0.0,100.0,0.0
Te-no_23.jpg,notumor,notumor,100.0,True,0.0,0.0,100.0,0.0
Te-no_230.jpg,notumor,notumor,89.96,True,7.75,2.29,89.96,0.0
Te-no_231.jpg,notumor,notumor,100.0,True,0.0,0.0,100.0,0.0
Te-no_232.jpg,notumor,notumor,100.0,True,0.0,0.0,100.0,0.0
Te-no_233.jpg,notumor,notumor,100.0,True,0.0,0.0,100.0,0.0
Te-no_234.jpg,notumor,notumor,100.0,True,0.0,0.0,100.0,0.0
Te-no_235.jpg,notumor,notumor,100.0,True,0.0,0.0,100.0,0.0
Te-no_236.jpg,notumor,notumor,99.69,True,0.0,0.31,99.69,0.0
Te-no_237.jpg,notumor,notumor,99.86,True,0.0,0.14,99.86,0.0
Te-no_238.jpg,notumor,notumor,99.95,True,0.0,0.05,99.95,0.0
Te-no_239.jpg,notumor,notumor,99.63,True,0.01,0.35,99.63,0.01
Te-no_24.jpg,notumor,notumor,99.72,True,0.0,0.27,99.72,0.01
Te-no_240.jpg,notumor,notumor,100.0,True,0.0,0.0,100.0,0.0
Te-no_241.jpg,notumor,notumor,99.99,True,0.0,0.01,99.99,0.0
Te-no_242.jpg,notumor,notumor,100.0,True,0.0,0.0,100.0,0.0
Te-no_243.jpg,notumor,notumor,100.0,True,0.0,0.0,100.0,0.0
Te-no_244.jpg,notumor,notumor,99.47,True,0.32,0.22,99.47,0.0
Te-no_245.jpg,notumor,notumor,100.0,True,0.0,0.0,100.0,0.0
Te-no_246.jpg,notumor,notumor,100.0,True,0.0,0.0,100.0,0.0
Te-no_247.jpg,notumor,notumor,100.0,True,0.0,0.0,100.0,0.0
Te-no_248.jpg,notumor,notumor,99.83,True,0.03,0.11,99.83,0.02
Te-no_249.jpg,notumor,notumor,100.0,True,0.0,0.0,100.0,0.0
Te-no_25.jpg,notumor,notumor,99.99,True,0.0,0.01,99.99,0.0
Te-no_250.jpg,notumor,notumor,99.69,True,0.01,0.3,99.69,0.0
Te-no_251.jpg,notumor,notumor,100.0,True,0.0,0.0,100.0,0.0
Te-no_252.jpg,notumor,notumor,100.0,True,0.0,0.0,100.0,0.0
Te-no_253.jpg,notumor,notumor,99.96,True,0.0,0.04,99.96,0.0
Te-no_254.jpg,notumor,notumor,99.95,True,0.01,0.05,99.95,0.0
Te-no_255.jpg,notumor,notumor,100.0,True,0.0,0.0,100.0,0.0
Te-no_256.jpg,notumor,notumor,99.57,True,0.35,0.08,99.57,0.0
Te-no_257.jpg,notumor,notumor,99.99,True,0.0,0.01,99.99,0.0
Te-no_258.jpg,notumor,notumor,100.0,True,0.0,0.0,100.0,0.0
Te-no_259.jpg,notumor,notumor,99.87,True,0.01,0.13,99.87,0.0
Te-no_26.jpg,notumor,notumor,100.0,True,0.0,0.0,100.0,0.0
Te-no_260.jpg,notumor,notumor,100.0,True,0.0,0.0,100.0,0.0
Te-no_261.jpg,notumor,notumor,100.0,True,0.0,0.0,100.0,0.0
Te-no_262.jpg,notumor,notumor,99.99,True,0.0,0.01,99.99,0.0
Te-no_263.jpg,notumor,notumor,100.0,True,0.0,0.0,100.0,0.0
Te-no_264.jpg,notumor,notumor,100.0,True,0.0,0.0,100.0,0.0
Te-no_265.jpg,notumor,notumor,97.85,True,0.04,2.11,97.85,0.0
Te-no_266.jpg,notumor,notumor,100.0,True,0.0,0.0,100.0,0.0
Te-no_267.jpg,notumor,notumor,100.0,True,0.0,0.0,100.0,0.0
Te-no_268.jpg,notumor,notumor,100.0,True,0.0,0.0,100.0,0.0
Te-no_269.jpg,notumor,notumor,98.28,True,0.14,1.57,98.28,0.01
Te-no_27.jpg,notumor,notumor,99.89,True,0.0,0.11,99.89,0.0
Te-no_270.jpg,notumor,notumor,100.0,True,0.0,0.0,100.0,0.0
Te-no_271.jpg,notumor,notumor,100.0,True,0.0,0.0,100.0,0.0
Te-no_272.jpg,notumor,notumor,98.18,True,0.09,1.71,98.18,0.01
Te-no_273.jpg,notumor,notumor,100.0,True,0.0,0.0,100.0,0.0
Te-no_274.jpg,notumor,notumor,99.99,True,0.0,0.01,99.99,0.0
Te-no_275.jpg,notumor,notumor,99.6,True,0.0,0.4,99.6,0.0
Te-no_276.jpg,notumor,notumor,99.91,True,0.08,0.01,99.91,0.0
Te-no_277.jpg,notumor,notumor,100.0,True,0.0,0.0,100.0,0.0
Te-no_278.jpg,notumor,notumor,100.0,True,0.0,0.0,100.0,0.0
Te-no_279.jpg,notumor,notumor,100.0,True,0.0,0.0,100.0,0.0
Te-no_28.jpg,notumor,notumor,99.98,True,0.0,0.02,99.98,0.0
Te-no_280.jpg,notumor,notumor,100.0,True,0.0,0.0,100.0,0.0
Te-no_281.jpg,notumor,notumor,99.08,True,0.01,0.91,99.08,0.0
Te-no_282.jpg,notumor,notumor,99.94,True,0.0,0.06,99.94,0.0
Te-no_283.jpg,notumor,notumor,100.0,True,0.0,0.0,100.0,0.0
Te-no_284.jpg,notumor,notumor,98.14,True,0.63,1.23,98.14,0.0
Te-no_285.jpg,notumor,notumor,99.98,True,0.0,0.02,99.98,0.0
Te-no_286.jpg,notumor,notumor,99.97,True,0.01,0.02,99.97,0.0
Te-no_287.jpg,notumor,notumor,99.99,True,0.0,0.01,99.99,0.0
Te-no_288.jpg,notumor,notumor,98.06,True,0.01,1.93,98.06,0.0
Te-no_289.jpg,notumor,notumor,100.0,True,0.0,0.0,100.0,0.0
Te-no_29.jpg,notumor,notumor,99.05,True,0.0,0.95,99.05,0.0
Te-no_290.jpg,notumor,notumor,99.16,True,0.09,0.75,99.16,0.0
Te-no_291.jpg,notumor,notumor,99.67,True,0.0,0.33,99.67,0.0
Te-no_292.jpg,notumor,notumor,100.0,True,0.0,0.0,100.0,0.0
Te-no_293.jpg,notumor,notumor,98.35,True,0.52,0.93,98.35,0.2
Te-no_294.jpg,notumor,notumor,99.95,True,0.0,0.01,99.95,0.04
Te-no_295.jpg,notumor,notumor,100.0,True,0.0,0.0,100.0,0.0
Te-no_296.jpg,notumor,notumor,100.0,True,0.0,0.0,100.0,0.0
Te-no_297.jpg,notumor,notumor,99.99,True,0.0,0.01,99.99,0.0
Te-no_298.jpg,notumor,notumor,99.94,True,0.0,0.06,99.94,0.0
Te-no_299.jpg,notumor,notumor,100.0,True,0.0,0.0,100.0,0.0
Te-no_3.jpg,notumor,notumor,100.0,True,0.0,0.0,100.0,0.0
Te-no_30.jpg,notumor,notumor,99.99,True,0.0,0.01,99.99,0.0
Te-no_300.jpg,notumor,notumor,100.0,True,0.0,0.0,100.0,0.0
Te-no_301.jpg,notumor,notumor,100.0,True,0.0,0.0,100.0,0.0
Te-no_302.jpg,notumor,notumor,100.0,True,0.0,0.0,100.0,0.0
Te-no_303.jpg,notumor,notumor,98.47,True,0.0,1.35,98.47,0.17
Te-no_304.jpg,notumor,notumor,100.0,True,0.0,0.0,100.0,0.0
Te-no_305.jpg,notumor,notumor,99.99,True,0.0,0.0,99.99,0.0
Te-no_306.jpg,notumor,notumor,99.99,True,0.0,0.01,99.99,0.0
Te-no_307.jpg,notumor,notumor,99.99,True,0.0,0.0,99.99,0.01
Te-no_308.jpg,notumor,notumor,100.0,True,0.0,0.0,100.0,0.0
Te-no_309.jpg,notumor,notumor,100.0,True,0.0,0.0,100.0,0.0
Te-no_31.jpg,notumor,notumor,100.0,True,0.0,0.0,100.0,0.0
Te-no_310.jpg,notumor,notumor,100.0,True,0.0,0.0,100.0,0.0
Te-no_311.jpg,notumor,notumor,96.1,True,0.07,3.83,96.1,0.0
Te-no_312.jpg,notumor,notumor,100.0,True,0.0,0.0,100.0,0.0
Te-no_313.jpg,notumor,notumor,100.0,True,0.0,0.0,100.0,0.0
Te-no_314.jpg,notumor,notumor,99.99,True,0.01,0.01,99.99,0.0
Te-no_315.jpg,notumor,notumor,69.06,True,11.62,19.31,69.06,0.0
Te-no_316.jpg,notumor,notumor,100.0,True,0.0,0.0,100.0,0.0
Te-no_317.jpg,notumor,notumor,99.97,True,0.0,0.03,99.97,0.0
Te-no_318.jpg,notumor,notumor,100.0,True,0.0,0.0,100.0,0.0
Te-no_319.jpg,notumor,notumor,99.59,True,0.0,0.41,99.59,0.0
Te-no_32.jpg,notumor,notumor,99.93,True,0.01,0.06,99.93,0.0
Te-no_320.jpg,notumor,notumor,100.0,True,0.0,0.0,100.0,0.0
Te-no_321.jpg,notumor,notumor,100.0,True,0.0,0.0,100.0,0.0
Te-no_322.jpg,notumor,notumor,99.84,True,0.0,0.16,99.84,0.01
Te-no_323.jpg,notumor,notumor,100.0,True,0.0,0.0,100.0,0.0
Te-no_324.jpg,notumor,notumor,99.99,True,0.0,0.01,99.99,0.0
Te-no_325.jpg,notumor,notumor,100.0,True,0.0,0.0,100.0,0.0
Te-no_326.jpg,notumor,notumor,99.92,True,0.0,0.08,99.92,0.0
Te-no_327.jpg,notumor,notumor,99.99,True,0.0,0.01,99.99,0.0
Te-no_328.jpg,notumor,notumor,99.98,True,0.0,0.02,99.98,0.0
Te-no_329.jpg,notumor,notumor,99.98,True,0.0,0.02,99.98,0.0
Te-no_33.jpg,notumor,notumor,99.99,True,0.0,0.01,99.99,0.0
Te-no_330.jpg,notumor,notumor,100.0,True,0.0,0.0,100.0,0.0
Te-no_331.jpg,notumor,notumor,100.0,True,0.0,0.0,100.0,0.0
Te-no_332.jpg,notumor,notumor,100.0,True,0.0,0.0,100.0,0.0
Te-no_333.jpg,notumor,notumor,99.74,True,0.0,0.26,99.74,0.0
Te-no_334.jpg,notumor,notumor,99.99,True,0.0,0.01,99.99,0.0
Te-no_335.jpg,notumor,notumor,100.0,True,0.0,0.0,100.0,0.0
Te-no_336.jpg,notumor,notumor,99.95,True,0.0,0.0,99.95,0.05
Te-no_337.jpg,notumor,notumor,99.59,True,0.0,0.21,99.59,0.19
Te-no_338.jpg,notumor,notumor,100.0,True,0.0,0.0,100.0,0.0
Te-no_339.jpg,notumor,notumor,100.0,True,0.0,0.0,100.0,0.0
Te-no_34.jpg,notumor,notumor,99.89,True,0.0,0.0,99.89,0.11
Te-no_340.jpg,notumor,notumor,100.0,True,0.0,0.0,100.0,0.0
Te-no_341.jpg,notumor,notumor,100.0,True,0.0,0.0,100.0,0.0
Te-no_342.jpg,notumor,notumor,83.66,True,0.0,16.34,83.66,0.0
Te-no_343.jpg,notumor,notumor,100.0,True,0.0,0.0,100.0,0.0
Te-no_344.jpg,notumor,notumor,99.86,True,0.11,0.03,99.86,0.0
Te-no_345.jpg,notumor,notumor,99.86,True,0.0,0.14,99.86,0.0
Te-no_346.jpg,notumor,notumor,99.98,True,0.0,0.02,99.98,0.0
Te-no_347.jpg,notumor,notumor,95.38,True,1.4,3.18,95.38,0.04
Te-no_348.jpg,notumor,notumor,99.86,True,0.0,0.14,99.86,0.0
Te-no_349.jpg,notumor,notumor,98.29,True,0.0,1.71,98.29,0.0
Te-no_35.jpg,notumor,notumor,100.0,True,0.0,0.0,100.0,0.0
Te-no_350.jpg,notumor,notumor,100.0,True,0.0,0.0,100.0,0.0
Te-no_351.jpg,notumor,notumor,100.0,True,0.0,0.0,100.0,0.0
Te-no_352.jpg,notumor,notumor,99.53,True,0.0,0.47,99.53,0.0
Te-no_353.jpg,notumor,notumor,99.99,True,0.0,0.01,99.99,0.0
Te-no_354.jpg,notumor,notumor,100.0,True,0.0,0.0,100.0,0.0
Te-no_355.jpg,notumor,notumor,98.59,True,1.08,0.33,98.59,0.0
Te-no_356.jpg,notumor,notumor,99.99,True,0.0,0.01,99.99,0.0
Te-no_357.jpg,notumor,notumor,100.0,True,0.0,0.0,100.0,0.0
Te-no_358.jpg,notumor,notumor,100.0,True,0.0,0.0,100.0,0.0
Te-no_359.jpg,notumor,notumor,100.0,True,0.0,0.0,100.0,0.0
Te-no_36.jpg,notumor,notumor,99.76,True,0.0,0.23,99.76,0.0
Te-no_360.jpg,notumor,notumor,100.0,True,0.0,0.0,100.0,0.0
Te-no_361.jpg,notumor,notumor,99.81,True,0.05,0.14,99.81,0.0
Te-no_362.jpg,notumor,notumor,100.0,True,0.0,0.0,100.0,0.0
Te-no_363.jpg,notumor,notumor,100.0,True,0.0,0.0,100.0,0.0
Te-no_364.jpg,notumor,notumor,100.0,True,0.0,0.0,100.0,0.0
Te-no_365.jpg,notumor,notumor,99.63,True,0.0,0.35,99.63,0.02
Te-no_366.jpg,notumor,notumor,100.0,True,0.0,0.0,100.0,0.0
Te-no_367.jpg,notumor,notumor,100.0,True,0.0,0.0,100.0,0.0
Te-no_368.jpg,notumor,notumor,100.0,True,0.0,0.0,100.0,0.0
Te-no_369.jpg,notumor,notumor,100.0,True,0.0,0.0,100.0,0.0
Te-no_37.jpg,notumor,notumor,100.0,True,0.0,0.0,100.0,0.0
Te-no_370.jpg,notumor,notumor,99.99,True,0.0,0.01,99.99,0.0
Te-no_371.jpg,notumor,notumor,99.97,True,0.0,0.03,99.97,0.0
Te-no_372.jpg,notumor,notumor,99.94,True,0.05,0.01,99.94,0.0
Te-no_373.jpg,notumor,notumor,99.92,True,0.0,0.08,99.92,0.0
Te-no_374.jpg,notumor,notumor,99.2,True,0.0,0.64,99.2,0.16
Te-no_375.jpg,notumor,notumor,99.99,True,0.0,0.01,99.99,0.0
Te-no_376.jpg,notumor,notumor,100.0,True,0.0,0.0,100.0,0.0
Te-no_377.jpg,notumor,notumor,100.0,True,0.0,0.0,100.0,0.0
Te-no_378.jpg,notumor,notumor,99.98,True,0.0,0.02,99.98,0.0
Te-no_379.jpg,notumor,notumor,100.0,True,0.0,0.0,100.0,0.0
Te-no_38.jpg,notumor,notumor,99.56,True,0.0,0.43,99.56,0.0
Te-no_380.jpg,notumor,notumor,100.0,True,0.0,0.0,100.0,0.0
Te-no_381.jpg,notumor,notumor,100.0,True,0.0,0.0,100.0,0.0
Te-no_382.jpg,notumor,notumor,99.42,True,0.01,0.57,99.42,0.0
Te-no_383.jpg,notumor,notumor,100.0,True,0.0,0.0,100.0,0.0
Te-no_384.jpg,notumor,notumor,99.58,True,0.01,0.41,99.58,0.0
Te-no_385.jpg,notumor,notumor,100.0,True,0.0,0.0,100.0,0.0
Te-no_386.jpg,notumor,notumor,99.98,True,0.0,0.02,99.98,0.0
Te-no_387.jpg,notumor,notumor,100.0,True,0.0,0.0,100.0,0.0
Te-no_388.jpg,notumor,notumor,100.0,True,0.0,0.0,100.0,0.0
Te-no_389.jpg,notumor,notumor,99.99,True,0.0,0.01,99.99,0.0
Te-no_39.jpg,notumor,notumor,99.99,True,0.0,0.01,99.99,0.0
Te-no_390.jpg,notumor,notumor,99.92,True,0.03,0.05,99.92,0.0
Te-no_391.jpg,notumor,notumor,99.92,True,0.01,0.07,99.92,0.0
Te-no_392.jpg,notumor,notumor,100.0,True,0.0,0.0,100.0,0.0
Te-no_393.jpg,notumor,notumor,99.87,True,0.0,0.13,99.87,0.0
Te-no_394.jpg,notumor,notumor,100.0,True,0.0,0.0,100.0,0.0
Te-no_395.jpg,notumor,notumor,99.87,True,0.0,0.12,99.87,0.01
Te-no_396.jpg,notumor,notumor,99.93,True,0.0,0.04,99.93,0.02
Te-no_397.jpg,notumor,notumor,99.99,True,0.0,0.01,99.99,0.0
Te-no_398.jpg,notumor,notumor,100.0,True,0.0,0.0,100.0,0.0
Te-no_399.jpg,notumor,notumor,100.0,True,0.0,0.0,100.0,0.0
Te-no_4.jpg,notumor,notumor,99.98,True,0.0,0.02,99.98,0.0
Te-no_40.jpg,notumor,notumor,100.0,True,0.0,0.0,100.0,0.0
Te-no_400.jpg,notumor,notumor,100.0,True,0.0,0.0,100.0,0.0
Te-no_41.jpg,notumor,notumor,100.0,True,0.0,0.0,100.0,0.0
Te-no_42.jpg,notumor,notumor,100.0,True,0.0,0.0,100.0,0.0
Te-no_43.jpg,notumor,notumor,100.0,True,0.0,0.0,100.0,0.0
Te-no_44.jpg,notumor,notumor,100.0,True,0.0,0.0,100.0,0.0
Te-no_45.jpg,notumor,notumor,99.34,True,0.0,0.65,99.34,0.0
Te-no_46.jpg,notumor,notumor,99.99,True,0.0,0.01,99.99,0.0
Te-no_47.jpg,notumor,notumor,100.0,True,0.0,0.0,100.0,0.0
Te-no_48.jpg,notumor,notumor,99.98,True,0.01,0.01,99.98,0.0
Te-no_49.jpg,notumor,notumor,65.98,True,29.93,2.86,65.98,1.23
Te-no_5.jpg,notumor,notumor,100.0,True,0.0,0.0,100.0,0.0
Te-no_50.jpg,notumor,notumor,100.0,True,0.0,0.0,100.0,0.0
Te-no_51.jpg,notumor,notumor,99.98,True,0.0,0.01,99.98,0.0
Te-no_52.jpg,notumor,notumor,98.62,True,0.0,1.37,98.62,0.01
Te-no_53.jpg,notumor,notumor,99.47,True,0.0,0.53,99.47,0.0
Te-no_54.jpg,notumor,notumor,100.0,True,0.0,0.0,100.0,0.0
Te-no_55.jpg,notumor,notumor,99.99,True,0.0,0.0,99.99,0.0
Te-no_56.jpg,notumor,notumor,100.0,True,0.0,0.0,100.0,0.0
Te-no_57.jpg,notumor,notumor,99.84,True,0.0,0.16,99.84,0.0
Te-no_58.jpg,notumor,notumor,98.91,True,0.0,1.01,98.91,0.07
Te-no_59.jpg,notumor,notumor,100.0,True,0.0,0.0,100.0,0.0
Te-no_6.jpg,notumor,notumor,99.82,True,0.01,0.17,99.82,0.0
Te-no_60.jpg,notumor,notumor,86.71,True,0.75,12.54,86.71,0.01
Te-no_61.jpg,notumor,notumor,100.0,True,0.0,0.0,100.0,0.0
Te-no_62.jpg,notumor,notumor,100.0,True,0.0,0.0,100.0,0.0
Te-no_63.jpg,notumor,notumor,100.0,True,0.0,0.0,100.0,0.0
Te-no_64.jpg,notumor,notumor,99.86,True,0.0,0.14,99.86,0.0
Te-no_65.jpg,notumor,notumor,100.0,True,0.0,0.0,100.0,0.0
Te-no_66.jpg,notumor,notumor,99.39,True,0.0,0.61,99.39,0.0
Te-no_67.jpg,notumor,notumor,100.0,True,0.0,0.0,100.0,0.0
Te-no_68.jpg,notumor,notumor,100.0,True,0.0,0.0,100.0,0.0
Te-no_69.jpg,notumor,notumor,99.6,True,0.31,0.09,99.6,0.0
Te-no_7.jpg,notumor,notumor,100.0,True,0.0,0.0,100.0,0.0
Te-no_70.jpg,notumor,notumor,100.0,True,0.0,0.0,100.0,0.0
Te-no_71.jpg,notumor,notumor,99.93,True,0.0,0.06,99.93,0.0
Te-no_72.jpg,notumor,notumor,99.97,True,0.02,0.01,99.97,0.0
Te-no_73.jpg,notumor,notumor,100.0,True,0.0,0.0,100.0,0.0
Te-no_74.jpg,notumor,notumor,100.0,True,0.0,0.0,100.0,0.0
Te-no_75.jpg,notumor,notumor,100.0,True,0.0,0.0,100.0,0.0
Te-no_76.jpg,notumor,notumor,99.98,True,0.0,0.02,99.98,0.0
Te-no_77.jpg,notumor,notumor,77.03,True,0.01,0.83,77.03,22.13
Te-no_78.jpg,notumor,notumor,100.0,True,0.0,0.0,100.0,0.0
Te-no_79.jpg,notumor,notumor,97.35,True,0.12,2.52,97.35,0.01
Te-no_8.jpg,notumor,notumor,99.81,True,0.04,0.15,99.81,0.0
Te-no_80.jpg,notumor,notumor,99.95,True,0.01,0.04,99.95,0.0
Te-no_81.jpg,notumor,notumor,100.0,True,0.0,0.0,100.0,0.0
Te-no_82.jpg,notumor,notumor,99.65,True,0.09,0.26,99.65,0.0
Te-no_83.jpg,notumor,notumor,99.97,True,0.0,0.03,99.97,0.0
Te-no_84.jpg,notumor,notumor,100.0,True,0.0,0.0,100.0,0.0
Te-no_85.jpg,notumor,notumor,100.0,True,0.0,0.0,100.0,0.0
Te-no_86.jpg,notumor,notumor,99.99,True,0.0,0.0,99.99,0.01
Te-no_87.jpg,notumor,notumor,100.0,True,0.0,0.0,100.0,0.0
Te-no_88.jpg,notumor,notumor,99.99,True,0.0,0.0,99.99,0.0
Te-no_89.jpg,notumor,notumor,99.43,True,0.0,0.53,99.43,0.03
Te-no_9.jpg,notumor,notumor,64.18,True,26.27,9.39,64.18,0.16
Te-no_90.jpg,notumor,notumor,100.0,True,0.0,0.0,100.0,0.0
Te-no_91.jpg,notumor,notumor,100.0,True,0.0,0.0,100.0,0.0
Te-no_92.jpg,notumor,notumor,97.39,True,1.78,0.61,97.39,0.22
Te-no_93.jpg,notumor,notumor,99.99,True,0.0,0.01,99.99,0.0
Te-no_94.jpg,notumor,notumor,99.92,True,0.0,0.08,99.92,0.0
Te-no_95.jpg,notumor,notumor,99.99,True,0.0,0.01,99.99,0.0
Te-no_96.jpg,notumor,notumor,88.54,True,0.76,10.7,88.54,0.01
Te-no_97.jpg,notumor,notumor,100.0,True,0.0,0.0,100.0,0.0
Te-no_98.jpg,notumor,notumor,99.99,True,0.0,0.01,99.99,0.0
Te-no_99.jpg,notumor,notumor,100.0,True,0.0,0.0,100.0,0.0
Te-pi_1.jpg,pituitary,pituitary,95.63,True,0.01,4.36,0.0,95.63
Te-pi_10.jpg,pituitary,pituitary,99.98,True,0.0,0.02,0.0,99.98
Te-pi_100.jpg,pituitary,pituitary,99.28,True,0.11,0.61,0.0,99.28
Te-pi_101.jpg,pituitary,pituitary,99.99,True,0.0,0.01,0.0,99.99
Te-pi_102.jpg,pituitary,pituitary,99.97,True,0.0,0.03,0.0,99.97
Te-pi_103.jpg,pituitary,pituitary,99.83,True,0.06,0.1,0.0,99.83
Te-pi_104.jpg,pituitary,pituitary,99.96,True,0.0,0.04,0.0,99.96
Te-pi_105.jpg,pituitary,pituitary,97.75,True,2.22,0.04,0.0,97.75
Te-pi_106.jpg,pituitary,pituitary,99.89,True,0.0,0.11,0.0,99.89
Te-pi_107.jpg,pituitary,pituitary,99.85,True,0.0,0.15,0.0,99.85
Te-pi_108.jpg,pituitary,pituitary,99.91,True,0.09,0.0,0.0,99.91
Te-pi_109.jpg,pituitary,pituitary,100.0,True,0.0,0.0,0.0,100.0
Te-pi_11.jpg,pituitary,pituitary,99.86,True,0.01,0.13,0.0,99.86
Te-pi_110.jpg,pituitary,pituitary,99.98,True,0.0,0.02,0.0,99.98
Te-pi_111.jpg,pituitary,pituitary,99.98,True,0.0,0.01,0.0,99.98
Te-pi_112.jpg,pituitary,pituitary,99.99,True,0.0,0.01,0.0,99.99
Te-pi_113.jpg,pituitary,pituitary,99.5,True,0.04,0.45,0.0,99.5
Te-pi_114.jpg,pituitary,pituitary,93.84,True,0.05,6.08,0.03,93.84
Te-pi_115.jpg,pituitary,pituitary,99.7,True,0.14,0.15,0.0,99.7
Te-pi_116.jpg,pituitary,pituitary,99.88,True,0.0,0.12,0.0,99.88
Te-pi_117.jpg,pituitary,pituitary,98.5,True,0.11,1.38,0.0,98.5
Te-pi_118.jpg,pituitary,pituitary,99.97,True,0.01,0.02,0.0,99.97
Te-pi_119.jpg,pituitary,pituitary,98.35,True,0.16,1.48,0.02,98.35
Te-pi_12.jpg,pituitary,pituitary,99.98,True,0.0,0.02,0.0,99.98
Te-pi_120.jpg,pituitary,pituitary,87.82,True,1.33,10.85,0.0,87.82
Te-pi_121.jpg,pituitary,pituitary,73.66,True,0.01,26.32,0.0,73.66
Te-pi_122.jpg,pituitary,pituitary,98.4,True,0.8,0.79,0.01,98.4
Te-pi_123.jpg,pituitary,pituitary,99.75,True,0.05,0.2,0.0,99.75
Te-pi_124.jpg,pituitary,pituitary,99.88,True,0.01,0.11,0.0,99.88
Te-pi_125.jpg,pituitary,pituitary,99.76,True,0.0,0.24,0.0,99.76
Te-pi_126.jpg,pituitary,pituitary,93.56,True,0.65,5.71,0.08,93.56
Te-pi_127.jpg,pituitary,pituitary,99.99,True,0.0,0.01,0.0,99.99
Te-pi_128.jpg,pituitary,pituitary,99.65,True,0.27,0.08,0.0,99.65
Te-pi_129.jpg,pituitary,pituitary,97.69,True,0.0,2.27,0.04,97.69
Te-pi_13.jpg,pituitary,pituitary,98.24,True,0.0,1.75,0.01,98.24
Te-pi_130.jpg,pituitary,pituitary,99.32,True,0.0,0.68,0.0,99.32
Te-pi_131.jpg,pituitary,pituitary,99.63,True,0.03,0.16,0.17,99.63
Te-pi_132.jpg,pituitary,pituitary,98.86,True,0.0,1.14,0.0,98.86
Te-pi_133.jpg,pituitary,pituitary,99.97,True,0.02,0.01,0.0,99.97
Te-pi_134.jpg,pituitary,pituitary,94.39,True,2.63,2.94,0.04,94.39
Te-pi_135.jpg,pituitary,pituitary,99.99,True,0.0,0.01,0.0,99.99
Te-pi_136.jpg,pituitary,pituitary,99.74,True,0.0,0.26,0.0,99.74
Te-pi_137.jpg,pituitary,pituitary,99.97,True,0.0,0.03,0.0,99.97
Te-pi_138.jpg,pituitary,pituitary,99.75,True,0.01,0.24,0.01,99.75
Te-pi_139.jpg,pituitary,pituitary,99.03,True,0.0,0.96,0.0,99.03
Te-pi_14.jpg,pituitary,pituitary,99.99,True,0.01,0.0,0.0,99.99
Te-pi_140.jpg,pituitary,pituitary,78.85,True,18.85,2.21,0.09,78.85
Te-pi_141.jpg,pituitary,pituitary,99.89,True,0.0,0.1,0.0,99.89
Te-pi_142.jpg,pituitary,pituitary,94.98,True,0.19,4.83,0.0,94.98
Te-pi_143.jpg,pituitary,pituitary,99.84,True,0.0,0.15,0.0,99.84
Te-pi_144.jpg,pituitary,pituitary,99.93,True,0.0,0.07,0.0,99.93
Te-pi_145.jpg,pituitary,pituitary,99.21,True,0.55,0.24,0.0,99.21
Te-pi_146.jpg,pituitary,pituitary,99.9,True,0.0,0.1,0.0,99.9
Te-pi_147.jpg,pituitary,pituitary,99.7,True,0.0,0.3,0.0,99.7
Te-pi_148.jpg,pituitary,pituitary,73.12,True,23.98,2.89,0.01,73.12
Te-pi_149.jpg,pituitary,pituitary,97.82,True,0.09,2.08,0.0,97.82
Te-pi_15.jpg,pituitary,pituitary,99.99,True,0.0,0.01,0.0,99.99
Te-pi_150.jpg,pituitary,pituitary,99.86,True,0.0,0.11,0.03,99.86
Te-pi_151.jpg,pituitary,pituitary,97.31,True,0.21,2.48,0.0,97.31
Te-pi_152.jpg,pituitary,pituitary,99.8,True,0.01,0.17,0.01,99.8
Te-pi_153.jpg,pituitary,pituitary,98.72,True,0.89,0.39,0.0,98.72
Te-pi_154.jpg,pituitary,pituitary,98.3,True,0.01,1.65,0.04,98.3
Te-pi_155.jpg,pituitary,pituitary,99.99,True,0.0,0.01,0.0,99.99
Te-pi_156.jpg,pituitary,pituitary,96.61,True,0.87,2.52,0.0,96.61
Te-pi_157.jpg,pituitary,pituitary,99.7,True,0.01,0.29,0.0,99.7
Te-pi_158.jpg,pituitary,pituitary,99.52,True,0.05,0.43,0.0,99.52
Te-pi_159.jpg,pituitary,pituitary,98.56,True,0.01,1.42,0.0,98.56
Te-pi_16.jpg,pituitary,pituitary,99.81,True,0.01,0.16,0.01,99.81
Te-pi_160.jpg,pituitary,pituitary,99.97,True,0.0,0.03,0.0,99.97
Te-pi_161.jpg,pituitary,pituitary,99.82,True,0.0,0.16,0.01,99.82
Te-pi_162.jpg,pituitary,pituitary,99.98,True,0.0,0.02,0.0,99.98
Te-pi_163.jpg,pituitary,pituitary,94.07,True,0.14,5.78,0.01,94.07
Te-pi_164.jpg,pituitary,pituitary,99.67,True,0.06,0.26,0.01,99.67
Te-pi_165.jpg,pituitary,pituitary,98.65,True,0.0,1.35,0.0,98.65
Te-pi_166.jpg,pituitary,pituitary,99.91,True,0.0,0.09,0.0,99.91
Te-pi_167.jpg,pituitary,pituitary,98.97,True,0.0,1.02,0.0,98.97
Te-pi_168.jpg,pituitary,pituitary,99.98,True,0.0,0.02,0.0,99.98
Te-pi_169.jpg,pituitary,pituitary,99.97,True,0.0,0.03,0.0,99.97
Te-pi_17.jpg,pituitary,pituitary,100.0,True,0.0,0.0,0.0,100.0
Te-pi_170.jpg,pituitary,pituitary,99.99,True,0.0,0.01,0.0,99.99
Te-pi_171.jpg,pituitary,pituitary,99.89,True,0.01,0.1,0.0,99.89
Te-pi_172.jpg,pituitary,pituitary,99.97,True,0.01,0.03,0.0,99.97
Te-pi_173.jpg,pituitary,pituitary,93.11,True,2.36,4.51,0.01,93.11
Te-pi_174.jpg,pituitary,pituitary,98.6,True,0.0,1.4,0.0,98.6
Te-pi_175.jpg,pituitary,pituitary,96.55,True,0.11,3.31,0.03,96.55
Te-pi_176.jpg,pituitary,pituitary,99.95,True,0.0,0.05,0.0,99.95
Te-pi_177.jpg,pituitary,pituitary,99.97,True,0.0,0.03,0.0,99.97
Te-pi_178.jpg,pituitary,pituitary,99.9,True,0.02,0.08,0.0,99.9
Te-pi_179.jpg,pituitary,pituitary,99.81,True,0.0,0.19,0.0,99.81
Te-pi_18.jpg,pituitary,pituitary,99.98,True,0.0,0.02,0.0,99.98
Te-pi_180.jpg,pituitary,pituitary,99.18,True,0.43,0.39,0.0,99.18
Te-pi_181.jpg,pituitary,pituitary,99.93,True,0.01,0.06,0.0,99.93
Te-pi_182.jpg,pituitary,pituitary,99.99,True,0.0,0.01,0.0,99.99
Te-pi_183.jpg,pituitary,pituitary,100.0,True,0.0,0.0,0.0,100.0
Te-pi_184.jpg,pituitary,pituitary,97.73,True,0.06,2.21,0.0,97.73
Te-pi_185.jpg,pituitary,pituitary,99.73,True,0.0,0.26,0.0,99.73
Te-pi_186.jpg,pituitary,pituitary,99.94,True,0.0,0.06,0.0,99.94
Te-pi_187.jpg,pituitary,pituitary,98.35,True,0.75,0.9,0.0,98.35
Te-pi_188.jpg,pituitary,pituitary,99.96,True,0.0,0.04,0.0,99.96
Te-pi_189.jpg,pituitary,pituitary,99.99,True,0.0,0.01,0.0,99.99
Te-pi_19.jpg,pituitary,pituitary,99.98,True,0.0,0.01,0.0,99.98
Te-pi_190.jpg,pituitary,pituitary,99.9,True,0.0,0.1,0.0,99.9
Te-pi_191.jpg,pituitary,pituitary,99.2,True,0.58,0.22,0.0,99.2
Te-pi_192.jpg,pituitary,pituitary,98.95,True,0.01,1.04,0.0,98.95
Te-pi_193.jpg,pituitary,pituitary,99.98,True,0.01,0.01,0.0,99.98
Te-pi_194.jpg,pituitary,pituitary,98.18,True,1.4,0.34,0.07,98.18
Te-pi_195.jpg,pituitary,pituitary,99.39,True,0.04,0.57,0.01,99.39
Te-pi_196.jpg,pituitary,meningioma,68.17,False,9.15,68.17,0.0,22.67
Te-pi_197.jpg,pituitary,pituitary,98.59,True,0.1,1.29,0.01,98.59
Te-pi_198.jpg,pituitary,pituitary,99.99,True,0.0,0.0,0.0,99.99
Te-pi_199.jpg,pituitary,pituitary,91.43,True,1.0,7.57,0.0,91.43
Te-pi_2.jpg,pituitary,pituitary,97.53,True,0.0,2.46,0.01,97.53
Te-pi_20.jpg,pituitary,pituitary,83.59,True,6.5,9.28,0.63,83.59
Te-pi_200.jpg,pituitary,pituitary,99.97,True,0.0,0.02,0.0,99.97
Te-pi_201.jpg,pituitary,pituitary,99.96,True,0.0,0.04,0.0,99.96
Te-pi_202.jpg,pituitary,pituitary,99.99,True,0.0,0.01,0.0,99.99
Te-pi_203.jpg,pituitary,pituitary,99.54,True,0.19,0.26,0.01,99.54
Te-pi_204.jpg,pituitary,pituitary,99.3,True,0.19,0.5,0.01,99.3
Te-pi_205.jpg,pituitary,pituitary,99.94,True,0.0,0.06,0.0,99.94
Te-pi_206.jpg,pituitary,meningioma,69.36,False,0.18,69.36,0.0,30.45
Te-pi_207.jpg,pituitary,pituitary,99.98,True,0.0,0.02,0.0,99.98
Te-pi_208.jpg,pituitary,pituitary,99.79,True,0.0,0.21,0.0,99.79
Te-pi_209.jpg,pituitary,meningioma,51.46,False,21.32,51.46,0.42,26.8
Te-pi_21.jpg,pituitary,pituitary,84.6,True,12.81,2.43,0.16,84.6
Te-pi_210.jpg,pituitary,pituitary,99.59,True,0.39,0.01,0.0,99.59
Te-pi_211.jpg,pituitary,pituitary,99.95,True,0.01,0.05,0.0,99.95
Te-pi_212.jpg,pituitary,pituitary,99.52,True,0.0,0.48,0.0,99.52
Te-pi_213.jpg,pituitary,pituitary,99.94,True,0.02,0.04,0.0,99.94
Te-pi_214.jpg,pituitary,pituitary,97.94,True,0.53,1.53,0.0,97.94
Te-pi_215.jpg,pituitary,pituitary,99.98,True,0.0,0.02,0.0,99.98
Te-pi_216.jpg,pituitary,pituitary,99.81,True,0.04,0.14,0.0,99.81
Te-pi_217.jpg,pituitary,pituitary,99.99,True,0.0,0.01,0.0,99.99
Te-pi_218.jpg,pituitary,pituitary,99.94,True,0.01,0.05,0.0,99.94
Te-pi_219.jpg,pituitary,pituitary,95.62,True,0.0,4.36,0.01,95.62
Te-pi_22.jpg,pituitary,pituitary,93.55,True,3.44,2.18,0.83,93.55
Te-pi_220.jpg,pituitary,pituitary,97.59,True,2.02,0.38,0.02,97.59
Te-pi_221.jpg,pituitary,pituitary,99.18,True,0.01,0.69,0.13,99.18
Te-pi_222.jpg,pituitary,pituitary,99.76,True,0.02,0.22,0.0,99.76
Te-pi_223.jpg,pituitary,pituitary,99.94,True,0.0,0.06,0.0,99.94
Te-pi_224.jpg,pituitary,pituitary,99.03,True,0.21,0.76,0.0,99.03
Te-pi_225.jpg,pituitary,pituitary,86.89,True,1.99,11.12,0.0,86.89
Te-pi_226.jpg,pituitary,meningioma,56.03,False,0.31,56.03,0.0,43.66
Te-pi_227.jpg,pituitary,pituitary,99.77,True,0.0,0.21,0.01,99.77
Te-pi_228.jpg,pituitary,pituitary,99.97,True,0.0,0.03,0.0,99.97
Te-pi_229.jpg,pituitary,pituitary,99.87,True,0.0,0.13,0.0,99.87
Te-pi_23.jpg,pituitary,pituitary,99.83,True,0.0,0.17,0.0,99.83
Te-pi_230.jpg,pituitary,pituitary,99.99,True,0.0,0.01,0.0,99.99
Te-pi_231.jpg,pituitary,pituitary,99.99,True,0.0,0.01,0.0,99.99
Te-pi_232.jpg,pituitary,pituitary,99.77,True,0.0,0.23,0.0,99.77
Te-pi_233.jpg,pituitary,pituitary,99.99,True,0.01,0.0,0.0,99.99
Te-pi_234.jpg,pituitary,pituitary,99.93,True,0.0,0.07,0.0,99.93
Te-pi_235.jpg,pituitary,pituitary,100.0,True,0.0,0.0,0.0,100.0
Te-pi_236.jpg,pituitary,pituitary,99.98,True,0.02,0.0,0.0,99.98
Te-pi_237.jpg,pituitary,pituitary,99.04,True,0.01,0.95,0.0,99.04
Te-pi_238.jpg,pituitary,pituitary,99.95,True,0.0,0.05,0.0,99.95
Te-pi_239.jpg,pituitary,pituitary,99.58,True,0.01,0.4,0.0,99.58
Te-pi_24.jpg,pituitary,pituitary,99.91,True,0.04,0.05,0.0,99.91
Te-pi_240.jpg,pituitary,pituitary,99.13,True,0.53,0.33,0.01,99.13
Te-pi_241.jpg,pituitary,pituitary,99.38,True,0.42,0.19,0.0,99.38
Te-pi_242.jpg,pituitary,pituitary,99.91,True,0.0,0.09,0.0,99.91
Te-pi_243.jpg,pituitary,pituitary,99.98,True,0.0,0.02,0.0,99.98
Te-pi_244.jpg,pituitary,pituitary,99.98,True,0.0,0.02,0.0,99.98
Te-pi_245.jpg,pituitary,pituitary,99.98,True,0.01,0.01,0.0,99.98
Te-pi_246.jpg,pituitary,pituitary,99.99,True,0.0,0.01,0.0,99.99
Te-pi_247.jpg,pituitary,pituitary,99.5,True,0.04,0.46,0.0,99.5
Te-pi_248.jpg,pituitary,pituitary,74.34,True,0.01,25.65,0.0,74.34
Te-pi_249.jpg,pituitary,pituitary,98.89,True,0.19,0.9,0.01,98.89
Te-pi_25.jpg,pituitary,pituitary,98.89,True,0.89,0.22,0.0,98.89
Te-pi_250.jpg,pituitary,pituitary,99.86,True,0.0,0.14,0.0,99.86
Te-pi_251.jpg,pituitary,pituitary,99.53,True,0.01,0.46,0.0,99.53
Te-pi_252.jpg,pituitary,pituitary,100.0,True,0.0,0.0,0.0,100.0
Te-pi_253.jpg,pituitary,pituitary,95.66,True,0.64,3.69,0.0,95.66
Te-pi_254.jpg,pituitary,pituitary,73.44,True,4.49,22.07,0.0,73.44
Te-pi_255.jpg,pituitary,pituitary,97.98,True,0.06,1.88,0.09,97.98
Te-pi_256.jpg,pituitary,pituitary,99.87,True,0.0,0.13,0.0,99.87
Te-pi_257.jpg,pituitary,pituitary,82.31,True,1.26,16.3,0.13,82.31
Te-pi_258.jpg,pituitary,pituitary,97.67,True,0.02,2.3,0.0,97.67
Te-pi_259.jpg,pituitary,pituitary,99.95,True,0.0,0.05,0.0,99.95
Te-pi_26.jpg,pituitary,glioma,76.89,False,76.89,22.72,0.13,0.26
Te-pi_260.jpg,pituitary,pituitary,99.87,True,0.0,0.13,0.0,99.87
Te-pi_261.jpg,pituitary,pituitary,100.0,True,0.0,0.0,0.0,100.0
Te-pi_262.jpg,pituitary,pituitary,95.99,True,0.91,3.1,0.0,95.99
Te-pi_263.jpg,pituitary,pituitary,99.99,True,0.0,0.01,0.0,99.99
Te-pi_264.jpg,pituitary,pituitary,99.9,True,0.0,0.1,0.0,99.9
Te-pi_265.jpg,pituitary,pituitary,99.92,True,0.0,0.08,0.0,99.92
Te-pi_266.jpg,pituitary,pituitary,93.59,True,0.06,6.34,0.01,93.59
Te-pi_267.jpg,pituitary,pituitary,99.98,True,0.0,0.02,0.0,99.98
Te-pi_268.jpg,pituitary,pituitary,99.97,True,0.0,0.03,0.0,99.97
Te-pi_269.jpg,pituitary,pituitary,99.99,True,0.0,0.01,0.0,99.99
Te-pi_27.jpg,pituitary,pituitary,99.49,True,0.01,0.5,0.0,99.49
Te-pi_270.jpg,pituitary,pituitary,99.95,True,0.0,0.05,0.0,99.95
Te-pi_271.jpg,pituitary,pituitary,99.99,True,0.0,0.01,0.0,99.99
Te-pi_272.jpg,pituitary,pituitary,99.62,True,0.0,0.38,0.0,99.62
Te-pi_273.jpg,pituitary,pituitary,77.6,True,19.11,3.27,0.02,77.6
Te-pi_274.jpg,pituitary,pituitary,97.59,True,0.0,2.41,0.0,97.59
Te-pi_275.jpg,pituitary,pituitary,72.99,True,0.08,26.93,0.0,72.99
Te-pi_276.jpg,pituitary,pituitary,99.86,True,0.0,0.14,0.0,99.86
Te-pi_277.jpg,pituitary,pituitary,99.44,True,0.56,0.0,0.0,99.44
Te-pi_278.jpg,pituitary,pituitary,99.99,True,0.01,0.01,0.0,99.99
Te-pi_279.jpg,pituitary,pituitary,99.31,True,0.0,0.69,0.0,99.31
Te-pi_28.jpg,pituitary,pituitary,99.96,True,0.0,0.04,0.0,99.96
Te-pi_280.jpg,pituitary,pituitary,100.0,True,0.0,0.0,0.0,100.0
Te-pi_281.jpg,pituitary,pituitary,100.0,True,0.0,0.0,0.0,100.0
Te-pi_282.jpg,pituitary,pituitary,99.0,True,0.0,0.99,0.01,99.0
Te-pi_283.jpg,pituitary,pituitary,99.77,True,0.09,0.14,0.0,99.77
Te-pi_284.jpg,pituitary,pituitary,100.0,True,0.0,0.0,0.0,100.0
Te-pi_285.jpg,pituitary,pituitary,99.51,True,0.0,0.49,0.0,99.51
Te-pi_286.jpg,pituitary,pituitary,99.29,True,0.01,0.7,0.0,99.29
Te-pi_287.jpg,pituitary,pituitary,99.78,True,0.0,0.17,0.05,99.78
Te-pi_288.jpg,pituitary,pituitary,99.95,True,0.0,0.04,0.0,99.95
Te-pi_289.jpg,pituitary,pituitary,71.9,True,0.03,28.02,0.05,71.9
Te-pi_29.jpg,pituitary,pituitary,95.07,True,0.06,4.46,0.41,95.07
Te-pi_290.jpg,pituitary,pituitary,99.97,True,0.0,0.03,0.0,99.97
Te-pi_291.jpg,pituitary,pituitary,95.51,True,0.16,4.3,0.04,95.51
Te-pi_292.jpg,pituitary,pituitary,99.68,True,0.0,0.28,0.04,99.68
Te-pi_293.jpg,pituitary,pituitary,99.9,True,0.05,0.04,0.01,99.9
Te-pi_294.jpg,pituitary,pituitary,50.93,True,5.35,43.7,0.02,50.93
Te-pi_295.jpg,pituitary,pituitary,97.8,True,0.01,2.19,0.0,97.8
Te-pi_296.jpg,pituitary,pituitary,99.54,True,0.02,0.44,0.0,99.54
Te-pi_297.jpg,pituitary,pituitary,99.99,True,0.01,0.0,0.0,99.99
Te-pi_298.jpg,pituitary,pituitary,100.0,True,0.0,0.0,0.0,100.0
Te-pi_299.jpg,pituitary,pituitary,99.83,True,0.08,0.09,0.0,99.83
Te-pi_3.jpg,pituitary,pituitary,99.95,True,0.0,0.05,0.0,99.95
Te-pi_30.jpg,pituitary,pituitary,98.91,True,0.47,0.63,0.0,98.91
Te-pi_300.jpg,pituitary,pituitary,99.98,True,0.01,0.02,0.0,99.98
Te-pi_301.jpg,pituitary,pituitary,99.95,True,0.0,0.05,0.0,99.95
Te-pi_302.jpg,pituitary,pituitary,99.33,True,0.02,0.65,0.0,99.33
Te-pi_303.jpg,pituitary,glioma,52.53,False,52.53,9.53,6.18,31.76
Te-pi_304.jpg,pituitary,pituitary,99.78,True,0.02,0.19,0.0,99.78
Te-pi_305.jpg,pituitary,pituitary,99.98,True,0.0,0.02,0.0,99.98
Te-pi_306.jpg,pituitary,pituitary,99.87,True,0.0,0.13,0.0,99.87
Te-pi_307.jpg,pituitary,pituitary,98.79,True,0.26,0.95,0.0,98.79
Te-pi_308.jpg,pituitary,pituitary,99.74,True,0.01,0.26,0.0,99.74
Te-pi_309.jpg,pituitary,pituitary,99.99,True,0.0,0.01,0.0,99.99
Te-pi_31.jpg,pituitary,pituitary,99.81,True,0.1,0.1,0.0,99.81
Te-pi_310.jpg,pituitary,pituitary,99.97,True,0.0,0.02,0.01,99.97
Te-pi_311.jpg,pituitary,pituitary,99.49,True,0.0,0.5,0.0,99.49
Te-pi_312.jpg,pituitary,pituitary,100.0,True,0.0,0.0,0.0,100.0
Te-pi_313.jpg,pituitary,pituitary,95.61,True,0.66,3.73,0.0,95.61
Te-pi_314.jpg,pituitary,pituitary,99.97,True,0.0,0.03,0.0,99.97
Te-pi_315.jpg,pituitary,pituitary,99.42,True,0.5,0.08,0.0,99.42
Te-pi_316.jpg,pituitary,pituitary,98.59,True,0.08,1.08,0.25,98.59
Te-pi_317.jpg,pituitary,pituitary,99.98,True,0.0,0.02,0.0,99.98
Te-pi_318.jpg,pituitary,pituitary,100.0,True,0.0,0.0,0.0,100.0
Te-pi_319.jpg,pituitary,pituitary,99.32,True,0.48,0.19,0.0,99.32
Te-pi_32.jpg,pituitary,pituitary,73.21,True,10.19,16.51,0.09,73.21
Te-pi_320.jpg,pituitary,pituitary,99.98,True,0.0,0.02,0.0,99.98
Te-pi_321.jpg,pituitary,pituitary,100.0,True,0.0,0.0,0.0,100.0
Te-pi_322.jpg,pituitary,glioma,77.02,False,77.02,1.92,0.01,21.05
Te-pi_323.jpg,pituitary,meningioma,80.25,False,19.15,80.25,0.4,0.2
Te-pi_324.jpg,pituitary,pituitary,99.85,True,0.0,0.13,0.02,99.85
Te-pi_325.jpg,pituitary,pituitary,99.87,True,0.0,0.13,0.0,99.87
Te-pi_326.jpg,pituitary,pituitary,99.78,True,0.01,0.21,0.0,99.78
Te-pi_327.jpg,pituitary,pituitary,99.99,True,0.01,0.0,0.0,99.99
Te-pi_328.jpg,pituitary,pituitary,99.52,True,0.0,0.48,0.0,99.52
Te-pi_329.jpg,pituitary,pituitary,99.97,True,0.0,0.02,0.0,99.97
Te-pi_33.jpg,pituitary,pituitary,99.88,True,0.0,0.12,0.0,99.88
Te-pi_330.jpg,pituitary,pituitary,99.74,True,0.0,0.05,0.21,99.74
Te-pi_331.jpg,pituitary,pituitary,99.39,True,0.01,0.6,0.0,99.39
Te-pi_332.jpg,pituitary,pituitary,99.99,True,0.0,0.01,0.0,99.99
Te-pi_333.jpg,pituitary,pituitary,99.84,True,0.0,0.15,0.0,99.84
Te-pi_334.jpg,pituitary,pituitary,99.96,True,0.01,0.03,0.0,99.96
Te-pi_335.jpg,pituitary,pituitary,99.08,True,0.0,0.91,0.0,99.08
Te-pi_336.jpg,pituitary,pituitary,99.87,True,0.0,0.13,0.01,99.87
Te-pi_337.jpg,pituitary,pituitary,98.41,True,0.02,1.44,0.13,98.41
Te-pi_338.jpg,pituitary,pituitary,92.89,True,0.09,7.02,0.0,92.89
Te-pi_339.jpg,pituitary,pituitary,98.63,True,0.0,1.36,0.0,98.63
Te-pi_34.jpg,pituitary,pituitary,100.0,True,0.0,0.0,0.0,100.0
Te-pi_340.jpg,pituitary,pituitary,99.93,True,0.0,0.07,0.0,99.93
Te-pi_341.jpg,pituitary,pituitary,97.11,True,1.99,0.89,0.01,97.11
Te-pi_342.jpg,pituitary,pituitary,100.0,True,0.0,0.0,0.0,100.0
Te-pi_343.jpg,pituitary,pituitary,98.69,True,0.99,0.32,0.0,98.69
Te-pi_344.jpg,pituitary,pituitary,99.99,True,0.0,0.01,0.0,99.99
Te-pi_345.jpg,pituitary,glioma,55.79,False,55.79,0.02,0.0,44.18
Te-pi_346.jpg,pituitary,pituitary,99.95,True,0.01,0.04,0.0,99.95
Te-pi_347.jpg,pituitary,pituitary,99.54,True,0.08,0.36,0.02,99.54
Te-pi_348.jpg,pituitary,pituitary,96.06,True,0.07,3.87,0.0,96.06
Te-pi_349.jpg,pituitary,pituitary,99.97,True,0.0,0.03,0.0,99.97
Te-pi_35.jpg,pituitary,pituitary,98.97,True,0.05,0.97,0.0,98.97
Te-pi_350.jpg,pituitary,pituitary,99.98,True,0.01,0.01,0.0,99.98
Te-pi_351.jpg,pituitary,pituitary,99.99,True,0.0,0.01,0.0,99.99
Te-pi_352.jpg,pituitary,pituitary,97.69,True,0.04,2.27,0.0,97.69
Te-pi_353.jpg,pituitary,pituitary,99.99,True,0.0,0.0,0.0,99.99
Te-pi_354.jpg,pituitary,pituitary,99.94,True,0.0,0.06,0.0,99.94
Te-pi_355.jpg,pituitary,pituitary,99.83,True,0.0,0.17,0.0,99.83
Te-pi_356.jpg,pituitary,pituitary,97.01,True,0.15,2.84,0.0,97.01
Te-pi_357.jpg,pituitary,pituitary,99.99,True,0.0,0.01,0.0,99.99
Te-pi_358.jpg,pituitary,pituitary,99.93,True,0.0,0.07,0.0,99.93
Te-pi_359.jpg,pituitary,pituitary,100.0,True,0.0,0.0,0.0,100.0
Te-pi_36.jpg,pituitary,pituitary,98.13,True,0.02,1.84,0.01,98.13
Te-pi_360.jpg,pituitary,pituitary,100.0,True,0.0,0.0,0.0,100.0
Te-pi_361.jpg,pituitary,pituitary,90.87,True,0.26,8.87,0.0,90.87
Te-pi_362.jpg,pituitary,pituitary,99.93,True,0.0,0.07,0.0,99.93
Te-pi_363.jpg,pituitary,pituitary,99.22,True,0.04,0.7,0.04,99.22
Te-pi_364.jpg,pituitary,pituitary,71.17,True,0.0,28.83,0.0,71.17
Te-pi_365.jpg,pituitary,pituitary,96.65,True,2.77,0.58,0.0,96.65
Te-pi_366.jpg,pituitary,pituitary,99.94,True,0.0,0.06,0.0,99.94
Te-pi_367.jpg,pituitary,pituitary,87.15,True,5.99,6.81,0.05,87.15
Te-pi_368.jpg,pituitary,pituitary,99.78,True,0.0,0.22,0.0,99.78
Te-pi_369.jpg,pituitary,pituitary,99.94,True,0.0,0.05,0.0,99.94
Te-pi_37.jpg,pituitary,pituitary,99.27,True,0.29,0.44,0.0,99.27
Te-pi_370.jpg,pituitary,pituitary,99.95,True,0.0,0.05,0.0,99.95
Te-pi_371.jpg,pituitary,pituitary,97.76,True,0.0,2.24,0.01,97.76
Te-pi_372.jpg,pituitary,pituitary,99.98,True,0.0,0.02,0.0,99.98
Te-pi_373.jpg,pituitary,pituitary,99.98,True,0.0,0.02,0.0,99.98
Te-pi_374.jpg,pituitary,pituitary,99.94,True,0.02,0.04,0.0,99.94
Te-pi_375.jpg,pituitary,pituitary,96.8,True,0.29,2.91,0.01,96.8
Te-pi_376.jpg,pituitary,pituitary,99.99,True,0.0,0.01,0.0,99.99
Te-pi_377.jpg,pituitary,pituitary,95.55,True,0.09,4.36,0.0,95.55
Te-pi_378.jpg,pituitary,pituitary,74.74,True,25.04,0.21,0.0,74.74
Te-pi_379.jpg,pituitary,pituitary,99.92,True,0.0,0.08,0.0,99.92
Te-pi_38.jpg,pituitary,pituitary,99.95,True,0.0,0.04,0.0,99.95
Te-pi_380.jpg,pituitary,pituitary,99.95,True,0.0,0.05,0.0,99.95
Te-pi_381.jpg,pituitary,pituitary,98.36,True,0.0,1.64,0.0,98.36
Te-pi_382.jpg,pituitary,pituitary,99.93,True,0.0,0.07,0.0,99.93
Te-pi_383.jpg,pituitary,pituitary,99.84,True,0.03,0.1,0.03,99.84
Te-pi_384.jpg,pituitary,pituitary,98.06,True,0.01,1.93,0.0,98.06
Te-pi_385.jpg,pituitary,pituitary,99.89,True,0.03,0.09,0.0,99.89
Te-pi_386.jpg,pituitary,pituitary,99.98,True,0.0,0.02,0.0,99.98
Te-pi_387.jpg,pituitary,pituitary,86.67,True,13.27,0.06,0.0,86.67
Te-pi_388.jpg,pituitary,pituitary,99.99,True,0.0,0.0,0.0,99.99
Te-pi_389.jpg,pituitary,pituitary,86.05,True,3.79,9.92,0.24,86.05
Te-pi_39.jpg,pituitary,pituitary,99.91,True,0.0,0.09,0.0,99.91
Te-pi_390.jpg,pituitary,pituitary,96.41,True,2.57,1.01,0.01,96.41
Te-pi_391.jpg,pituitary,pituitary,99.41,True,0.05,0.53,0.01,99.41
Te-pi_392.jpg,pituitary,pituitary,89.76,True,2.98,6.09,1.17,89.76
Te-pi_393.jpg,pituitary,glioma,55.38,False,55.38,4.22,0.0,40.39
Te-pi_394.jpg,pituitary,pituitary,99.96,True,0.0,0.03,0.0,99.96
Te-pi_395.jpg,pituitary,pituitary,98.93,True,0.67,0.4,0.0,98.93
Te-pi_396.jpg,pituitary,pituitary,99.99,True,0.0,0.01,0.0,99.99
Te-pi_397.jpg,pituitary,pituitary,99.63,True,0.0,0.37,0.0,99.63
Te-pi_398.jpg,pituitary,pituitary,99.88,True,0.0,0.12,0.0,99.88
Te-pi_399.jpg,pituitary,pituitary,99.81,True,0.0,0.17,0.02,99.81
Te-pi_4.jpg,pituitary,pituitary,99.94,True,0.0,0.06,0.0,99.94
Te-pi_40.jpg,pituitary,pituitary,99.7,True,0.0,0.29,0.0,99.7
Te-pi_400.jpg,pituitary,pituitary,99.59,True,0.27,0.14,0.0,99.59
Te-pi_41.jpg,pituitary,pituitary,99.83,True,0.0,0.17,0.0,99.83
Te-pi_42.jpg,pituitary,pituitary,94.87,True,0.01,5.12,0.0,94.87
Te-pi_43.jpg,pituitary,pituitary,99.99,True,0.0,0.01,0.0,99.99
Te-pi_44.jpg,pituitary,pituitary,99.92,True,0.0,0.08,0.01,99.92
Te-pi_45.jpg,pituitary,pituitary,93.98,True,1.2,4.81,0.0,93.98
Te-pi_46.jpg,pituitary,pituitary,98.6,True,0.37,1.03,0.01,98.6
Te-pi_47.jpg,pituitary,pituitary,97.55,True,0.0,2.43,0.01,97.55
Te-pi_48.jpg,pituitary,pituitary,98.15,True,0.16,1.68,0.0,98.15
Te-pi_49.jpg,pituitary,pituitary,76.48,True,11.35,12.17,0.0,76.48
Te-pi_5.jpg,pituitary,pituitary,99.9,True,0.0,0.1,0.0,99.9
Te-pi_50.jpg,pituitary,pituitary,90.25,True,9.5,0.25,0.01,90.25
Te-pi_51.jpg,pituitary,pituitary,99.73,True,0.0,0.27,0.0,99.73
Te-pi_52.jpg,pituitary,pituitary,99.9,True,0.0,0.1,0.0,99.9
Te-pi_53.jpg,pituitary,pituitary,99.47,True,0.0,0.52,0.01,99.47
Te-pi_54.jpg,pituitary,pituitary,99.99,True,0.0,0.01,0.0,99.99
Te-pi_55.jpg,pituitary,pituitary,99.8,True,0.01,0.2,0.0,99.8
Te-pi_56.jpg,pituitary,pituitary,97.82,True,0.05,2.07,0.06,97.82
Te-pi_57.jpg,pituitary,pituitary,98.03,True,0.05,1.9,0.02,98.03
Te-pi_58.jpg,pituitary,pituitary,98.99,True,0.0,1.0,0.01,98.99
Te-pi_59.jpg,pituitary,pituitary,99.95,True,0.0,0.04,0.01,99.95
Te-pi_6.jpg,pituitary,pituitary,99.89,True,0.0,0.1,0.0,99.89
Te-pi_60.jpg,pituitary,pituitary,99.9,True,0.01,0.09,0.0,99.9
Te-pi_61.jpg,pituitary,pituitary,99.71,True,0.01,0.28,0.0,99.71
Te-pi_62.jpg,pituitary,pituitary,100.0,True,0.0,0.0,0.0,100.0
Te-pi_63.jpg,pituitary,pituitary,84.28,True,0.02,2.89,12.81,84.28
Te-pi_64.jpg,pituitary,meningioma,86.67,False,9.31,86.67,0.01,4.02
Te-pi_65.jpg,pituitary,pituitary,99.92,True,0.0,0.08,0.0,99.92
Te-pi_66.jpg,pituitary,pituitary,96.23,True,0.19,3.58,0.0,96.23
Te-pi_67.jpg,pituitary,pituitary,99.96,True,0.01,0.03,0.0,99.96
Te-pi_68.jpg,pituitary,pituitary,99.76,True,0.01,0.23,0.0,99.76
Te-pi_69.jpg,pituitary,pituitary,99.99,True,0.0,0.01,0.0,99.99
Te-pi_7.jpg,pituitary,pituitary,83.42,True,2.0,14.52,0.06,83.42
Te-pi_70.jpg,pituitary,pituitary,99.95,True,0.01,0.04,0.01,99.95
Te-pi_71.jpg,pituitary,pituitary,97.9,True,0.0,2.09,0.0,97.9
Te-pi_72.jpg,pituitary,pituitary,99.96,True,0.03,0.01,0.0,99.96
Te-pi_73.jpg,pituitary,pituitary,85.67,True,0.0,14.23,0.09,85.67
Te-pi_74.jpg,pituitary,pituitary,97.44,True,0.0,2.56,0.0,97.44
Te-pi_75.jpg,pituitary,pituitary,99.98,True,0.0,0.02,0.0,99.98
Te-pi_76.jpg,pituitary,pituitary,99.62,True,0.0,0.38,0.0,99.62
Te-pi_77.jpg,pituitary,pituitary,100.0,True,0.0,0.0,0.0,100.0
Te-pi_78.jpg,pituitary,pituitary,99.5,True,0.24,0.26,0.0,99.5
Te-pi_79.jpg,pituitary,pituitary,99.99,True,0.0,0.01,0.0,99.99
Te-pi_8.jpg,pituitary,meningioma,88.64,False,9.69,88.64,0.0,1.67
Te-pi_80.jpg,pituitary,glioma,41.63,False,41.63,18.74,0.85,38.78
Te-pi_81.jpg,pituitary,pituitary,75.35,True,22.67,1.98,0.0,75.35
Te-pi_82.jpg,pituitary,pituitary,95.65,True,0.03,4.32,0.01,95.65
Te-pi_83.jpg,pituitary,pituitary,99.97,True,0.0,0.03,0.0,99.97
Te-pi_84.jpg,pituitary,pituitary,99.79,True,0.04,0.17,0.0,99.79
Te-pi_85.jpg,pituitary,pituitary,96.0,True,1.02,2.95,0.03,96.0
Te-pi_86.jpg,pituitary,pituitary,83.87,True,0.0,16.12,0.0,83.87
Te-pi_87.jpg,pituitary,pituitary,99.04,True,0.01,0.95,0.0,99.04
Te-pi_88.jpg,pituitary,pituitary,99.85,True,0.0,0.15,0.0,99.85
Te-pi_89.jpg,pituitary,pituitary,99.91,True,0.0,0.09,0.0,99.91
Te-pi_9.jpg,pituitary,pituitary,99.62,True,0.0,0.37,0.01,99.62
Te-pi_90.jpg,pituitary,pituitary,99.96,True,0.01,0.03,0.0,99.96
Te-pi_91.jpg,pituitary,pituitary,99.73,True,0.0,0.26,0.0,99.73
Te-pi_92.jpg,pituitary,pituitary,90.91,True,0.05,9.04,0.0,90.91
Te-pi_93.jpg,pituitary,pituitary,99.74,True,0.0,0.26,0.0,99.74
Te-pi_94.jpg,pituitary,pituitary,98.96,True,0.15,0.85,0.03,98.96
Te-pi_95.jpg,pituitary,pituitary,99.36,True,0.0,0.64,0.0,99.36
Te-pi_96.jpg,pituitary,pituitary,100.0,True,0.0,0.0,0.0,100.0
Te-pi_97.jpg,pituitary,pituitary,99.96,True,0.02,0.01,0.0,99.96
Te-pi_98.jpg,pituitary,pituitary,99.5,True,0.05,0.45,0.0,99.5
Te-pi_99.jpg,pituitary,pituitary,99.84,True,0.0,0.16,0.0,99.84
